Location,Color,Qty in Pounds at Classifier,Size,Flavor,Qty in Pounds At Pre-finish Operations,Packaging,Qty in Pounds At Pack Operations
"Detroit, MI",Coloring Agent02,600001.0,S5,F7,16562.0,Bag,11458.0
,,,S5,F7,,Box,5104.0
,,,S5,F8,12617.0,Bag,7479.0
,,,S5,F8,,Box,5138.0
,,,S5,F9,12550.0,Bag,7883.0
,,,S5,F9,,Box,4667.0
,,,S5,F2,10565.0,Bag,8067.0
,,,S5,F2,,Box,2498.0
,,,S5,F12,8950.0,Bag,4104.0
,,,S5,F12,,Box,4846.0
,,,S5,F11,12326.0,Bag,7058.0
,,,S5,F11,,Box,5268.0
,,,S5,F6,6821.0,Bag,2395.0
,,,S5,F6,,Box,4426.0
,,,S5,F4,10327.0,Bag,6155.0
,,,S5,F4,,Box,4172.0
,,,S5,F10,6170.0,Bag,6170.0
,,,S5,F10,,Box,0.0
,,,S5,F5,2406.0,Bag,2406.0
,,,S5,F5,,Box,0.0
,,,S5,F3,3432.0,Bag,3432.0
,,,S5,F3,,Box,0.0
,,,S5,F1,9703.0,Bag,5224.0
,,,S5,F1,,Box,4479.0
,,,S4,F7,13226.0,Bag,13226.0
,,,S4,F7,,Box,0.0
,,,S4,F8,5847.0,Bag,3505.0
,,,S4,F8,,Box,2342.0
,,,S4,F9,8056.0,Bag,3110.0
,,,S4,F9,,Box,4946.0
,,,S4,F2,6196.0,Bag,6196.0
,,,S4,F2,,Box,0.0
,,,S4,F12,12186.0,Bag,5264.0
,,,S4,F12,,Box,6922.0
,,,S4,F11,12768.0,Bag,6870.0
,,,S4,F11,,Box,5898.0
,,,S4,F6,11401.0,Bag,5611.0
,,,S4,F6,,Box,5790.0
,,,S4,F4,7745.0,Bag,5364.0
,,,S4,F4,,Box,2381.0
,,,S4,F10,6655.0,Bag,3624.0
,,,S4,F10,,Box,3031.0
,,,S4,F5,9219.0,Bag,5325.0
,,,S4,F5,,Box,3894.0
,,,S4,F3,10978.0,Bag,6472.0
,,,S4,F3,,Box,4506.0
,,,S4,F1,8311.0,Bag,5790.0
,,,S4,F1,,Box,2521.0
,,,S3,F7,5476.0,Bag,2107.0
,,,S3,F7,,Box,3369.0
,,,S3,F8,11026.0,Bag,5108.0
,,,S3,F8,,Box,5918.0
,,,S3,F9,17559.0,Bag,4321.0
,,,S3,F9,,Box,13238.0
,,,S3,F2,14127.0,Bag,4573.0
,,,S3,F2,,Box,9554.0
,,,S3,F12,10461.0,Bag,6053.0
,,,S3,F12,,Box,4408.0
,,,S3,F11,10513.0,Bag,5816.0
,,,S3,F11,,Box,4697.0
,,,S3,F6,10598.0,Bag,6033.0
,,,S3,F6,,Box,4565.0
,,,S3,F4,11748.0,Bag,6698.0
,,,S3,F4,,Box,5050.0
,,,S3,F10,15086.0,Bag,10244.0
,,,S3,F10,,Box,4842.0
,,,S3,F5,2999.0,Bag,2999.0
,,,S3,F5,,Box,0.0
,,,S3,F3,12895.0,Bag,9122.0
,,,S3,F3,,Box,3773.0
,,,S3,F1,13388.0,Bag,7161.0
,,,S3,F1,,Box,6227.0
,,,S1,F7,8945.0,Bag,7089.0
,,,S1,F7,,Box,1856.0
,,,S1,F8,12511.0,Bag,9525.0
,,,S1,F8,,Box,2986.0
,,,S1,F9,7667.0,Bag,7667.0
,,,S1,F9,,Box,0.0
,,,S1,F2,11247.0,Bag,5006.0
,,,S1,F2,,Box,6241.0
,,,S1,F12,12571.0,Bag,5508.0
,,,S1,F12,,Box,7063.0
,,,S1,F11,5729.0,Bag,5729.0
,,,S1,F11,,Box,0.0
,,,S1,F6,9826.0,Bag,5751.0
,,,S1,F6,,Box,4075.0
,,,S1,F4,11017.0,Bag,8186.0
,,,S1,F4,,Box,2831.0
,,,S1,F10,9944.0,Bag,5042.0
,,,S1,F10,,Box,4902.0
,,,S1,F5,11428.0,Bag,6862.0
,,,S1,F5,,Box,4566.0
,,,S1,F3,23304.0,Bag,10897.0
,,,S1,F3,,Box,12407.0
,,,S1,F1,10534.0,Bag,7042.0
,,,S1,F1,,Box,3492.0
,,,S2,F7,9773.0,Bag,6786.0
,,,S2,F7,,Box,2987.0
,,,S2,F8,7916.0,Bag,3254.0
,,,S2,F8,,Box,4662.0
,,,S2,F9,8759.0,Bag,4253.0
,,,S2,F9,,Box,4506.0
,,,S2,F2,2051.0,Bag,2051.0
,,,S2,F2,,Box,0.0
,,,S2,F12,3616.0,Bag,3616.0
,,,S2,F12,,Box,0.0
,,,S2,F11,11394.0,Bag,4676.0
,,,S2,F11,,Box,6718.0
,,,S2,F6,7616.0,Bag,4118.0
,,,S2,F6,,Box,3498.0
,,,S2,F4,16023.0,Bag,11047.0
,,,S2,F4,,Box,4976.0
,,,S2,F10,5051.0,Bag,5051.0
,,,S2,F10,,Box,0.0
,,,S2,F5,7547.0,Bag,4350.0
,,,S2,F5,,Box,3197.0
,,,S2,F3,11668.0,Bag,6209.0
,,,S2,F3,,Box,5459.0
,,,S2,F1,12971.0,Bag,6615.0
,,,S2,F1,,Box,6356.0
,Coloring Agent03,600002.0,S5,F7,4822.0,Bag,4822.0
,,,S5,F7,,Box,0.0
,,,S5,F8,10139.0,Bag,4382.0
,,,S5,F8,,Box,5757.0
,,,S5,F9,10338.0,Bag,10338.0
,,,S5,F9,,Box,0.0
,,,S5,F2,9640.0,Bag,5259.0
,,,S5,F2,,Box,4381.0
,,,S5,F12,14496.0,Bag,9589.0
,,,S5,F12,,Box,4907.0
,,,S5,F11,4969.0,Bag,4969.0
,,,S5,F11,,Box,0.0
,,,S5,F6,3179.0,Bag,3179.0
,,,S5,F6,,Box,0.0
,,,S5,F4,10453.0,Bag,4921.0
,,,S5,F4,,Box,5532.0
,,,S5,F10,0.0,Bag,0.0
,,,S5,F10,,Box,0.0
,,,S5,F5,5243.0,Bag,5243.0
,,,S5,F5,,Box,0.0
,,,S5,F3,10457.0,Bag,6477.0
,,,S5,F3,,Box,3980.0
,,,S5,F1,11005.0,Bag,5281.0
,,,S5,F1,,Box,5724.0
,,,S4,F7,10509.0,Bag,5163.0
,,,S4,F7,,Box,5346.0
,,,S4,F8,7858.0,Bag,7858.0
,,,S4,F8,,Box,0.0
,,,S4,F9,11187.0,Bag,6479.0
,,,S4,F9,,Box,4708.0
,,,S4,F2,17912.0,Bag,9768.0
,,,S4,F2,,Box,8144.0
,,,S4,F12,10362.0,Bag,3779.0
,,,S4,F12,,Box,6583.0
,,,S4,F11,9997.0,Bag,6039.0
,,,S4,F11,,Box,3958.0
,,,S4,F6,4705.0,Bag,4705.0
,,,S4,F6,,Box,0.0
,,,S4,F4,4014.0,Bag,4014.0
,,,S4,F4,,Box,0.0
,,,S4,F10,17897.0,Bag,10774.0
,,,S4,F10,,Box,7123.0
,,,S4,F5,17231.0,Bag,9162.0
,,,S4,F5,,Box,8069.0
,,,S4,F3,17884.0,Bag,10701.0
,,,S4,F3,,Box,7183.0
,,,S4,F1,19986.0,Bag,9783.0
,,,S4,F1,,Box,10203.0
,,,S3,F7,14363.0,Bag,7285.0
,,,S3,F7,,Box,7078.0
,,,S3,F8,9839.0,Bag,5329.0
,,,S3,F8,,Box,4510.0
,,,S3,F9,12437.0,Bag,12437.0
,,,S3,F9,,Box,0.0
,,,S3,F2,14309.0,Bag,5092.0
,,,S3,F2,,Box,9217.0
,,,S3,F12,12517.0,Bag,8105.0
,,,S3,F12,,Box,4412.0
,,,S3,F11,6843.0,Bag,6843.0
,,,S3,F11,,Box,0.0
,,,S3,F6,5803.0,Bag,5803.0
,,,S3,F6,,Box,0.0
,,,S3,F4,14736.0,Bag,8596.0
,,,S3,F4,,Box,6140.0
,,,S3,F10,8484.0,Bag,8484.0
,,,S3,F10,,Box,0.0
,,,S3,F5,14381.0,Bag,7507.0
,,,S3,F5,,Box,6874.0
,,,S3,F3,5821.0,Bag,2024.0
,,,S3,F3,,Box,3797.0
,,,S3,F1,4831.0,Bag,0.0
,,,S3,F1,,Box,4831.0
,,,S1,F7,4290.0,Bag,4290.0
,,,S1,F7,,Box,0.0
,,,S1,F8,16185.0,Bag,9768.0
,,,S1,F8,,Box,6417.0
,,,S1,F9,14573.0,Bag,8388.0
,,,S1,F9,,Box,6185.0
,,,S1,F2,19449.0,Bag,6804.0
,,,S1,F2,,Box,12645.0
,,,S1,F12,6601.0,Bag,6601.0
,,,S1,F12,,Box,0.0
,,,S1,F11,8647.0,Bag,0.0
,,,S1,F11,,Box,8647.0
,,,S1,F6,8674.0,Bag,5169.0
,,,S1,F6,,Box,3505.0
,,,S1,F4,3137.0,Bag,0.0
,,,S1,F4,,Box,3137.0
,,,S1,F10,,Bag,0.0
,,,S1,F10,,Box,0.0
,,,S1,F5,4460.0,Bag,2744.0
,,,S1,F5,,Box,1716.0
,,,S1,F3,10947.0,Bag,6878.0
,,,S1,F3,,Box,4069.0
,,,S1,F1,5269.0,Bag,5269.0
,,,S1,F1,,Box,0.0
,,,S2,F7,16960.0,Bag,6991.0
,,,S2,F7,,Box,9969.0
,,,S2,F8,8007.0,Bag,3586.0
,,,S2,F8,,Box,4421.0
,,,S2,F9,1936.0,Bag,1936.0
,,,S2,F9,,Box,0.0
,,,S2,F2,8514.0,Bag,8514.0
,,,S2,F2,,Box,0.0
,,,S2,F12,,Bag,5821.0
,,,S2,F12,,Box,0.0
,,,S2,F11,6576.0,Bag,6576.0
,,,S2,F11,,Box,0.0
,,,S2,F6,13747.0,Bag,7788.0
,,,S2,F6,,Box,5959.0
,,,S2,F4,10220.0,Bag,6032.0
,,,S2,F4,,Box,4188.0
,,,S2,F10,17536.0,Bag,3916.0
,,,S2,F10,,Box,13620.0
,,,S2,F5,11617.0,Bag,5958.0
,,,S2,F5,,Box,5659.0
,,,S2,F3,11254.0,Bag,5380.0
,,,S2,F3,,Box,5874.0
,,,S2,F1,16935.0,Bag,6642.0
,,,S2,F1,,Box,10293.0
,Coloring Agent04,,S5,F7,6039.0,Bag,2742.0
,,,S5,F7,,Box,3297.0
,,,S5,F8,6594.0,Bag,6594.0
,,,S5,F8,,Box,0.0
,,,S5,F9,16807.0,Bag,4873.0
,,,S5,F9,,Box,11934.0
,,,S5,F2,2424.0,Bag,0.0
,,,S5,F2,,Box,2424.0
,,,S5,F12,8031.0,Bag,8031.0
,,,S5,F12,,Box,0.0
,,,S5,F11,14153.0,Bag,8684.0
,,,S5,F11,,Box,5469.0
,,,S5,F6,14733.0,Bag,6922.0
,,,S5,F6,,Box,7811.0
,,,S5,F4,12116.0,Bag,4918.0
,,,S5,F4,,Box,7198.0
,,,S5,F10,17367.0,Bag,8686.0
,,,S5,F10,,Box,8681.0
,,,S5,F5,2470.0,Bag,2470.0
,,,S5,F5,,Box,0.0
,,,S5,F3,12362.0,Bag,5227.0
,,,S5,F3,,Box,7135.0
,,,S5,F1,4559.0,Bag,4559.0
,,,S5,F1,,Box,0.0
,,,S4,F7,6366.0,Bag,6366.0
,,,S4,F7,,Box,0.0
,,,S4,F8,14091.0,Bag,4600.0
,,,S4,F8,,Box,9491.0
,,,S4,F9,12341.0,Bag,5714.0
,,,S4,F9,,Box,6627.0
,,,S4,F2,8629.0,Bag,6159.0
,,,S4,F2,,Box,2470.0
,,,S4,F12,16789.0,Bag,11184.0
,,,S4,F12,,Box,5605.0
,,,S4,F11,,Bag,0.0
,,,S4,F11,,Box,0.0
,,,S4,F6,4071.0,Bag,4071.0
,,,S4,F6,,Box,0.0
,,,S4,F4,12825.0,Bag,5903.0
,,,S4,F4,,Box,6922.0
,,,S4,F10,6906.0,Bag,6906.0
,,,S4,F10,,Box,0.0
,,,S4,F5,4520.0,Bag,4520.0
,,,S4,F5,,Box,0.0
,,,S4,F3,11215.0,Bag,4358.0
,,,S4,F3,,Box,6857.0
,,,S4,F1,8529.0,Bag,4798.0
,,,S4,F1,,Box,3731.0
,,,S3,F7,11928.0,Bag,6468.0
,,,S3,F7,,Box,5460.0
,,,S3,F8,4314.0,Bag,4314.0
,,,S3,F8,,Box,0.0
,,,S3,F9,8317.0,Bag,0.0
,,,S3,F9,,Box,8317.0
,,,S3,F2,13879.0,Bag,4611.0
,,,S3,F2,,Box,9268.0
,,,S3,F12,18315.0,Bag,18315.0
,,,S3,F12,,Box,0.0
,,,S3,F11,9491.0,Bag,6280.0
,,,S3,F11,,Box,3211.0
,,,S3,F6,9943.0,Bag,3946.0
,,,S3,F6,,Box,5997.0
,,,S3,F4,17618.0,Bag,9031.0
,,,S3,F4,,Box,8587.0
,,,S3,F10,17251.0,Bag,10215.0
,,,S3,F10,,Box,7036.0
,,,S3,F5,2491.0,Bag,0.0
,,,S3,F5,,Box,2491.0
,,,S3,F3,11563.0,Bag,6665.0
,,,S3,F3,,Box,4898.0
,,,S3,F1,3989.0,Bag,3989.0
,,,S3,F1,,Box,0.0
,,,S1,F7,15694.0,Bag,6477.0
,,,S1,F7,,Box,9217.0
,,,S1,F8,,Bag,5558.0
,,,S1,F8,,Box,7059.0
,,,S1,F9,8814.0,Bag,1327.0
,,,S1,F9,,Box,7487.0
,,,S1,F2,4100.0,Bag,4100.0
,,,S1,F2,,Box,0.0
,,,S1,F12,6523.0,Bag,6523.0
,,,S1,F12,,Box,0.0
,,,S1,F11,,Bag,0.0
,,,S1,F11,,Box,0.0
,,,S1,F6,15643.0,Bag,5687.0
,,,S1,F6,,Box,9956.0
,,,S1,F4,13624.0,Bag,6064.0
,,,S1,F4,,Box,7560.0
,,,S1,F10,17416.0,Bag,10908.0
,,,S1,F10,,Box,6508.0
,,,S1,F5,12745.0,Bag,7183.0
,,,S1,F5,,Box,5562.0
,,,S1,F3,8343.0,Bag,2540.0
,,,S1,F3,,Box,5803.0
,,,S1,F1,9695.0,Bag,5683.0
,,,S1,F1,,Box,4012.0
,,,S2,F7,13222.0,Bag,7043.0
,,,S2,F7,,Box,6179.0
,,,S2,F8,12924.0,Bag,7097.0
,,,S2,F8,,Box,5827.0
,,,S2,F9,17762.0,Bag,10867.0
,,,S2,F9,,Box,6895.0
,,,S2,F2,2856.0,Bag,2856.0
,,,S2,F2,,Box,0.0
,,,S2,F12,10654.0,Bag,2854.0
,,,S2,F12,,Box,7800.0
,,,S2,F11,14018.0,Bag,5074.0
,,,S2,F11,,Box,8944.0
,,,S2,F6,6823.0,Bag,6823.0
,,,S2,F6,,Box,0.0
,,,S2,F4,12642.0,Bag,7037.0
,,,S2,F4,,Box,5605.0
,,,S2,F10,13467.0,Bag,10877.0
,,,S2,F10,,Box,2590.0
,,,S2,F5,7071.0,Bag,3493.0
,,,S2,F5,,Box,3578.0
,,,S2,F3,3210.0,Bag,3210.0
,,,S2,F3,,Box,0.0
,,,S2,F1,7103.0,Bag,4365.0
,,,S2,F1,,Box,2738.0
,Coloring Agent05,300003.0,S5,F7,4600.0,Bag,2637.0
,,,S5,F7,,Box,1963.0
,,,S5,F8,2562.0,Bag,2562.0
,,,S5,F8,,Box,0.0
,,,S5,F9,3945.0,Bag,1244.0
,,,S5,F9,,Box,2701.0
,,,S5,F2,5397.0,Bag,1888.0
,,,S5,F2,,Box,3509.0
,,,S5,F12,2785.0,Bag,2785.0
,,,S5,F12,,Box,0.0
,,,S5,F11,5687.0,Bag,3142.0
,,,S5,F11,,Box,2545.0
,,,S5,F6,6157.0,Bag,2914.0
,,,S5,F6,,Box,3243.0
,,,S5,F4,5486.0,Bag,2588.0
,,,S5,F4,,Box,2898.0
,,,S5,F10,2578.0,Bag,2578.0
,,,S5,F10,,Box,0.0
,,,S5,F5,3658.0,Bag,2858.0
,,,S5,F5,,Box,800.0
,,,S5,F3,6799.0,Bag,3070.0
,,,S5,F3,,Box,3729.0
,,,S5,F1,4220.0,Bag,2711.0
,,,S5,F1,,Box,1509.0
,,,S4,F7,,Bag,3439.0
,,,S4,F7,,Box,1383.0
,,,S4,F8,3126.0,Bag,0.0
,,,S4,F8,,Box,3126.0
,,,S4,F9,3953.0,Bag,3953.0
,,,S4,F9,,Box,0.0
,,,S4,F2,6311.0,Bag,0.0
,,,S4,F2,,Box,6311.0
,,,S4,F12,6919.0,Bag,3547.0
,,,S4,F12,,Box,3372.0
,,,S4,F11,4313.0,Bag,2008.0
,,,S4,F11,,Box,2305.0
,,,S4,F6,4036.0,Bag,1456.0
,,,S4,F6,,Box,2580.0
,,,S4,F4,3782.0,Bag,3782.0
,,,S4,F4,,Box,0.0
,,,S4,F10,5205.0,Bag,2205.0
,,,S4,F10,,Box,3000.0
,,,S4,F5,10037.0,Bag,4990.0
,,,S4,F5,,Box,5047.0
,,,S4,F3,1359.0,Bag,1359.0
,,,S4,F3,,Box,0.0
,,,S4,F1,6816.0,Bag,2158.0
,,,S4,F1,,Box,4658.0
,,,S3,F7,5677.0,Bag,1792.0
,,,S3,F7,,Box,3885.0
,,,S3,F8,4942.0,Bag,2525.0
,,,S3,F8,,Box,2417.0
,,,S3,F9,5691.0,Bag,3196.0
,,,S3,F9,,Box,2495.0
,,,S3,F2,3175.0,Bag,0.0
,,,S3,F2,,Box,3175.0
,,,S3,F12,6831.0,Bag,2634.0
,,,S3,F12,,Box,4197.0
,,,S3,F11,,Bag,3059.0
,,,S3,F11,,Box,6636.0
,,,S3,F6,5975.0,Bag,1114.0
,,,S3,F6,,Box,4861.0
,,,S3,F4,5825.0,Bag,3528.0
,,,S3,F4,,Box,2297.0
,,,S3,F10,3428.0,Bag,3428.0
,,,S3,F10,,Box,0.0
,,,S3,F5,6561.0,Bag,4994.0
,,,S3,F5,,Box,1567.0
,,,S3,F3,8500.0,Bag,4330.0
,,,S3,F3,,Box,4170.0
,,,S3,F1,2060.0,Bag,2060.0
,,,S3,F1,,Box,0.0
,,,S1,F7,5497.0,Bag,1872.0
,,,S1,F7,,Box,3625.0
,,,S1,F8,3918.0,Bag,1637.0
,,,S1,F8,,Box,2281.0
,,,S1,F9,8034.0,Bag,3229.0
,,,S1,F9,,Box,4805.0
,,,S1,F2,2357.0,Bag,2357.0
,,,S1,F2,,Box,0.0
,,,S1,F12,1960.0,Bag,1960.0
,,,S1,F12,,Box,0.0
,,,S1,F11,4200.0,Bag,1511.0
,,,S1,F11,,Box,2689.0
,,,S1,F6,2465.0,Bag,2465.0
,,,S1,F6,,Box,0.0
,,,S1,F4,8547.0,Bag,4869.0
,,,S1,F4,,Box,3678.0
,,,S1,F10,5750.0,Bag,4062.0
,,,S1,F10,,Box,1688.0
,,,S1,F5,5639.0,Bag,2851.0
,,,S1,F5,,Box,2788.0
,,,S1,F3,3665.0,Bag,1818.0
,,,S1,F3,,Box,1847.0
,,,S1,F1,3808.0,Bag,1689.0
,,,S1,F1,,Box,2119.0
,,,S2,F7,5489.0,Bag,3902.0
,,,S2,F7,,Box,1587.0
,,,S2,F8,5540.0,Bag,2787.0
,,,S2,F8,,Box,2753.0
,,,S2,F9,2634.0,Bag,76.0
,,,S2,F9,,Box,2558.0
,,,S2,F2,6934.0,Bag,3477.0
,,,S2,F2,,Box,3457.0
,,,S2,F12,2466.0,Bag,2466.0
,,,S2,F12,,Box,0.0
,,,S2,F11,6895.0,Bag,3475.0
,,,S2,F11,,Box,3420.0
,,,S2,F6,6463.0,Bag,2663.0
,,,S2,F6,,Box,3800.0
,,,S2,F4,4796.0,Bag,1989.0
,,,S2,F4,,Box,2807.0
,,,S2,F10,3687.0,Bag,1899.0
,,,S2,F10,,Box,1788.0
,,,S2,F5,9859.0,Bag,5466.0
,,,S2,F5,,Box,4393.0
,,,S2,F3,1675.0,Bag,0.0
,,,S2,F3,,Box,1675.0
,,,S2,F1,4812.0,Bag,2244.0
,,,S2,F1,,Box,2568.0
,Coloring Agent09,,S5,F7,4256.0,Bag,2645.0
,,,S5,F7,,Box,1611.0
,,,S5,F8,4370.0,Bag,2825.0
,,,S5,F8,,Box,1545.0
,,,S5,F9,1904.0,Bag,1904.0
,,,S5,F9,,Box,0.0
,,,S5,F2,2324.0,Bag,2324.0
,,,S5,F2,,Box,0.0
,,,S5,F12,4803.0,Bag,2453.0
,,,S5,F12,,Box,2350.0
,,,S5,F11,1987.0,Bag,1987.0
,,,S5,F11,,Box,0.0
,,,S5,F6,4528.0,Bag,2427.0
,,,S5,F6,,Box,2101.0
,,,S5,F4,2877.0,Bag,2877.0
,,,S5,F4,,Box,0.0
,,,S5,F10,3468.0,Bag,3468.0
,,,S5,F10,,Box,0.0
,,,S5,F5,6902.0,Bag,2928.0
,,,S5,F5,,Box,3974.0
,,,S5,F3,5039.0,Bag,1902.0
,,,S5,F3,,Box,3137.0
,,,S5,F1,3185.0,Bag,0.0
,,,S5,F1,,Box,3185.0
,,,S4,F7,4344.0,Bag,2924.0
,,,S4,F7,,Box,1420.0
,,,S4,F8,2214.0,Bag,2214.0
,,,S4,F8,,Box,0.0
,,,S4,F9,7827.0,Bag,3697.0
,,,S4,F9,,Box,4130.0
,,,S4,F2,8910.0,Bag,3283.0
,,,S4,F2,,Box,5627.0
,,,S4,F12,3353.0,Bag,3353.0
,,,S4,F12,,Box,0.0
,,,S4,F11,5090.0,Bag,3442.0
,,,S4,F11,,Box,1648.0
,,,S4,F6,2066.0,Bag,2066.0
,,,S4,F6,,Box,0.0
,,,S4,F4,,Bag,2712.0
,,,S4,F4,,Box,3135.0
,,,S4,F10,7674.0,Bag,4223.0
,,,S4,F10,,Box,3451.0
,,,S4,F5,4386.0,Bag,4386.0
,,,S4,F5,,Box,0.0
,,,S4,F3,1863.0,Bag,1863.0
,,,S4,F3,,Box,0.0
,,,S4,F1,2038.0,Bag,2038.0
,,,S4,F1,,Box,0.0
,,,S3,F7,,Bag,6170.0
,,,S3,F7,,Box,0.0
,,,S3,F8,3914.0,Bag,3914.0
,,,S3,F8,,Box,0.0
,,,S3,F9,1688.0,Bag,1688.0
,,,S3,F9,,Box,0.0
,,,S3,F2,4499.0,Bag,1709.0
,,,S3,F2,,Box,2790.0
,,,S3,F12,4094.0,Bag,2061.0
,,,S3,F12,,Box,2033.0
,,,S3,F11,1852.0,Bag,1852.0
,,,S3,F11,,Box,0.0
,,,S3,F6,4116.0,Bag,0.0
,,,S3,F6,,Box,4116.0
,,,S3,F4,5532.0,Bag,2004.0
,,,S3,F4,,Box,3528.0
,,,S3,F10,10318.0,Bag,1811.0
,,,S3,F10,,Box,8507.0
,,,S3,F5,5562.0,Bag,3175.0
,,,S3,F5,,Box,2387.0
,,,S3,F3,5337.0,Bag,3875.0
,,,S3,F3,,Box,1462.0
,,,S3,F1,7381.0,Bag,3911.0
,,,S3,F1,,Box,3470.0
,,,S1,F7,6376.0,Bag,5251.0
,,,S1,F7,,Box,1125.0
,,,S1,F8,6159.0,Bag,3516.0
,,,S1,F8,,Box,2643.0
,,,S1,F9,5424.0,Bag,2046.0
,,,S1,F9,,Box,3378.0
,,,S1,F2,2352.0,Bag,2352.0
,,,S1,F2,,Box,0.0
,,,S1,F12,8092.0,Bag,4801.0
,,,S1,F12,,Box,3291.0
,,,S1,F11,9632.0,Bag,4594.0
,,,S1,F11,,Box,5038.0
,,,S1,F6,5715.0,Bag,3339.0
,,,S1,F6,,Box,2376.0
,,,S1,F4,8922.0,Bag,6081.0
,,,S1,F4,,Box,2841.0
,,,S1,F10,1848.0,Bag,1848.0
,,,S1,F10,,Box,0.0
,,,S1,F5,3209.0,Bag,1547.0
,,,S1,F5,,Box,1662.0
,,,S1,F3,5182.0,Bag,2472.0
,,,S1,F3,,Box,2710.0
,,,S1,F1,4019.0,Bag,1380.0
,,,S1,F1,,Box,2639.0
,,,S2,F7,2126.0,Bag,2126.0
,,,S2,F7,,Box,0.0
,,,S2,F8,7349.0,Bag,1921.0
,,,S2,F8,,Box,5428.0
,,,S2,F9,5170.0,Bag,3450.0
,,,S2,F9,,Box,1720.0
,,,S2,F2,6696.0,Bag,3284.0
,,,S2,F2,,Box,3412.0
,,,S2,F12,11485.0,Bag,2609.0
,,,S2,F12,,Box,8876.0
,,,S2,F11,6081.0,Bag,2065.0
,,,S2,F11,,Box,4016.0
,,,S2,F6,6426.0,Bag,2084.0
,,,S2,F6,,Box,4342.0
,,,S2,F4,4397.0,Bag,2651.0
,,,S2,F4,,Box,1746.0
,,,S2,F10,5596.0,Bag,3070.0
,,,S2,F10,,Box,2526.0
,,,S2,F5,3258.0,Bag,1918.0
,,,S2,F5,,Box,1340.0
,,,S2,F3,5214.0,Bag,2289.0
,,,S2,F3,,Box,2925.0
,,,S2,F1,7557.0,Bag,3428.0
,,,S2,F1,,Box,4129.0
,Coloring Agent10,900002.0,S5,F7,10103.0,Bag,10103.0
,,,S5,F7,,Box,0.0
,,,S5,F8,6851.0,Bag,6851.0
,,,S5,F8,,Box,0.0
,,,S5,F9,8748.0,Bag,4231.0
,,,S5,F9,,Box,4517.0
,,,S5,F2,12954.0,Bag,7034.0
,,,S5,F2,,Box,5920.0
,,,S5,F12,28416.0,Bag,20588.0
,,,S5,F12,,Box,7828.0
,,,S5,F11,24802.0,Bag,11505.0
,,,S5,F11,,Box,13297.0
,,,S5,F6,15476.0,Bag,7944.0
,,,S5,F6,,Box,7532.0
,,,S5,F4,14592.0,Bag,2284.0
,,,S5,F4,,Box,12308.0
,,,S5,F10,14164.0,Bag,6453.0
,,,S5,F10,,Box,7711.0
,,,S5,F5,,Bag,4627.0
,,,S5,F5,,Box,6378.0
,,,S5,F3,15346.0,Bag,8201.0
,,,S5,F3,,Box,7145.0
,,,S5,F1,13847.0,Bag,8753.0
,,,S5,F1,,Box,5094.0
,,,S4,F7,15216.0,Bag,15216.0
,,,S4,F7,,Box,0.0
,,,S4,F8,16942.0,Bag,6286.0
,,,S4,F8,,Box,10656.0
,,,S4,F9,18692.0,Bag,11317.0
,,,S4,F9,,Box,7375.0
,,,S4,F2,30304.0,Bag,12932.0
,,,S4,F2,,Box,17372.0
,,,S4,F12,4202.0,Bag,4202.0
,,,S4,F12,,Box,0.0
,,,S4,F11,5608.0,Bag,5608.0
,,,S4,F11,,Box,0.0
,,,S4,F6,12668.0,Bag,6668.0
,,,S4,F6,,Box,6000.0
,,,S4,F4,19081.0,Bag,4256.0
,,,S4,F4,,Box,14825.0
,,,S4,F10,31612.0,Bag,6459.0
,,,S4,F10,,Box,25153.0
,,,S4,F5,8655.0,Bag,8655.0
,,,S4,F5,,Box,0.0
,,,S4,F3,16726.0,Bag,7392.0
,,,S4,F3,,Box,9334.0
,,,S4,F1,10827.0,Bag,6343.0
,,,S4,F1,,Box,4484.0
,,,S3,F7,19347.0,Bag,9653.0
,,,S3,F7,,Box,9694.0
,,,S3,F8,22240.0,Bag,14499.0
,,,S3,F8,,Box,7741.0
,,,S3,F9,15013.0,Bag,4447.0
,,,S3,F9,,Box,10566.0
,,,S3,F2,17509.0,Bag,10549.0
,,,S3,F2,,Box,6960.0
,,,S3,F12,25504.0,Bag,20234.0
,,,S3,F12,,Box,5270.0
,,,S3,F11,12922.0,Bag,7694.0
,,,S3,F11,,Box,5228.0
,,,S3,F6,15104.0,Bag,6917.0
,,,S3,F6,,Box,8187.0
,,,S3,F4,8557.0,Bag,0.0
,,,S3,F4,,Box,8557.0
,,,S3,F10,11591.0,Bag,11591.0
,,,S3,F10,,Box,0.0
,,,S3,F5,11710.0,Bag,4636.0
,,,S3,F5,,Box,7074.0
,,,S3,F3,3526.0,Bag,3526.0
,,,S3,F3,,Box,0.0
,,,S3,F1,16620.0,Bag,8999.0
,,,S3,F1,,Box,7621.0
,,,S1,F7,12149.0,Bag,7496.0
,,,S1,F7,,Box,4653.0
,,,S1,F8,10455.0,Bag,6595.0
,,,S1,F8,,Box,3860.0
,,,S1,F9,7078.0,Bag,7078.0
,,,S1,F9,,Box,0.0
,,,S1,F2,16666.0,Bag,8716.0
,,,S1,F2,,Box,7950.0
,,,S1,F12,23418.0,Bag,7459.0
,,,S1,F12,,Box,15959.0
,,,S1,F11,13772.0,Bag,5255.0
,,,S1,F11,,Box,8517.0
,,,S1,F6,12675.0,Bag,8645.0
,,,S1,F6,,Box,4030.0
,,,S1,F4,9898.0,Bag,5058.0
,,,S1,F4,,Box,4840.0
,,,S1,F10,13031.0,Bag,7581.0
,,,S1,F10,,Box,5450.0
,,,S1,F5,13214.0,Bag,4788.0
,,,S1,F5,,Box,8426.0
,,,S1,F3,15651.0,Bag,7950.0
,,,S1,F3,,Box,7701.0
,,,S1,F1,25147.0,Bag,7025.0
,,,S1,F1,,Box,18122.0
,,,S2,F7,6425.0,Bag,6425.0
,,,S2,F7,,Box,0.0
,,,S2,F8,22702.0,Bag,11883.0
,,,S2,F8,,Box,10819.0
,,,S2,F9,13675.0,Bag,5991.0
,,,S2,F9,,Box,7684.0
,,,S2,F2,10660.0,Bag,6362.0
,,,S2,F2,,Box,4298.0
,,,S2,F12,17104.0,Bag,8239.0
,,,S2,F12,,Box,8865.0
,,,S2,F11,17129.0,Bag,6199.0
,,,S2,F11,,Box,10930.0
,,,S2,F6,11847.0,Bag,4763.0
,,,S2,F6,,Box,7084.0
,,,S2,F4,17918.0,Bag,12038.0
,,,S2,F4,,Box,5880.0
,,,S2,F10,17239.0,Bag,12413.0
,,,S2,F10,,Box,4826.0
,,,S2,F5,24669.0,Bag,12262.0
,,,S2,F5,,Box,12407.0
,,,S2,F3,7433.0,Bag,7433.0
,,,S2,F3,,Box,0.0
,,,S2,F1,13567.0,Bag,5356.0
,,,S2,F1,,Box,8211.0
,Coloring Agent12,,S5,F7,7496.0,Bag,4153.0
,,,S5,F7,,Box,3343.0
,,,S5,F8,9706.0,Bag,5772.0
,,,S5,F8,,Box,3934.0
,,,S5,F9,12886.0,Bag,4306.0
,,,S5,F9,,Box,8580.0
,,,S5,F2,8698.0,Bag,2542.0
,,,S5,F2,,Box,6156.0
,,,S5,F12,6564.0,Bag,6564.0
,,,S5,F12,,Box,0.0
,,,S5,F11,11156.0,Bag,6780.0
,,,S5,F11,,Box,4376.0
,,,S5,F6,8823.0,Bag,2530.0
,,,S5,F6,,Box,6293.0
,,,S5,F4,5741.0,Bag,0.0
,,,S5,F4,,Box,5741.0
,,,S5,F10,13720.0,Bag,7819.0
,,,S5,F10,,Box,5901.0
,,,S5,F5,6403.0,Bag,6403.0
,,,S5,F5,,Box,0.0
,,,S5,F3,12727.0,Bag,5058.0
,,,S5,F3,,Box,7669.0
,,,S5,F1,11375.0,Bag,4749.0
,,,S5,F1,,Box,6626.0
,,,S4,F7,7159.0,Bag,4917.0
,,,S4,F7,,Box,2242.0
,,,S4,F8,4438.0,Bag,4438.0
,,,S4,F8,,Box,0.0
,,,S4,F9,,Bag,12517.0
,,,S4,F9,,Box,0.0
,,,S4,F2,7168.0,Bag,7168.0
,,,S4,F2,,Box,0.0
,,,S4,F12,7197.0,Bag,7197.0
,,,S4,F12,,Box,0.0
,,,S4,F11,8096.0,Bag,8096.0
,,,S4,F11,,Box,0.0
,,,S4,F6,9261.0,Bag,4220.0
,,,S4,F6,,Box,5041.0
,,,S4,F4,9754.0,Bag,4130.0
,,,S4,F4,,Box,5624.0
,,,S4,F10,9824.0,Bag,4571.0
,,,S4,F10,,Box,5253.0
,,,S4,F5,11521.0,Bag,4711.0
,,,S4,F5,,Box,6810.0
,,,S4,F3,7651.0,Bag,2882.0
,,,S4,F3,,Box,4769.0
,,,S4,F1,14582.0,Bag,8611.0
,,,S4,F1,,Box,5971.0
,,,S3,F7,11272.0,Bag,3861.0
,,,S3,F7,,Box,7411.0
,,,S3,F8,7347.0,Bag,2879.0
,,,S3,F8,,Box,4468.0
,,,S3,F9,10615.0,Bag,6509.0
,,,S3,F9,,Box,4106.0
,,,S3,F2,5861.0,Bag,3334.0
,,,S3,F2,,Box,2527.0
,,,S3,F12,4401.0,Bag,4401.0
,,,S3,F12,,Box,0.0
,,,S3,F11,2405.0,Bag,2405.0
,,,S3,F11,,Box,0.0
,,,S3,F6,12321.0,Bag,8091.0
,,,S3,F6,,Box,4230.0
,,,S3,F4,9727.0,Bag,5921.0
,,,S3,F4,,Box,3806.0
,,,S3,F10,4539.0,Bag,4539.0
,,,S3,F10,,Box,0.0
,,,S3,F5,24138.0,Bag,16117.0
,,,S3,F5,,Box,8021.0
,,,S3,F3,8540.0,Bag,5797.0
,,,S3,F3,,Box,2743.0
,,,S3,F1,10952.0,Bag,3541.0
,,,S3,F1,,Box,7411.0
,,,S1,F7,16968.0,Bag,10097.0
,,,S1,F7,,Box,6871.0
,,,S1,F8,10264.0,Bag,10264.0
,,,S1,F8,,Box,0.0
,,,S1,F9,13094.0,Bag,4673.0
,,,S1,F9,,Box,8421.0
,,,S1,F2,20552.0,Bag,10906.0
,,,S1,F2,,Box,9646.0
,,,S1,F12,9612.0,Bag,5711.0
,,,S1,F12,,Box,3901.0
,,,S1,F11,12216.0,Bag,6150.0
,,,S1,F11,,Box,6066.0
,,,S1,F6,11462.0,Bag,7194.0
,,,S1,F6,,Box,4268.0
,,,S1,F4,3775.0,Bag,0.0
,,,S1,F4,,Box,3775.0
,,,S1,F10,4985.0,Bag,0.0
,,,S1,F10,,Box,4985.0
,,,S1,F5,18994.0,Bag,9783.0
,,,S1,F5,,Box,9211.0
,,,S1,F3,11942.0,Bag,7874.0
,,,S1,F3,,Box,4068.0
,,,S1,F1,,Bag,0.0
,,,S1,F1,,Box,3775.0
,,,S2,F7,7860.0,Bag,3284.0
,,,S2,F7,,Box,4576.0
,,,S2,F8,8688.0,Bag,4035.0
,,,S2,F8,,Box,4653.0
,,,S2,F9,10903.0,Bag,3669.0
,,,S2,F9,,Box,7234.0
,,,S2,F2,6897.0,Bag,6897.0
,,,S2,F2,,Box,0.0
,,,S2,F12,3176.0,Bag,3176.0
,,,S2,F12,,Box,0.0
,,,S2,F11,12563.0,Bag,5059.0
,,,S2,F11,,Box,7504.0
,,,S2,F6,18121.0,Bag,7466.0
,,,S2,F6,,Box,10655.0
,,,S2,F4,16034.0,Bag,12395.0
,,,S2,F4,,Box,3639.0
,,,S2,F10,12370.0,Bag,5159.0
,,,S2,F10,,Box,7211.0
,,,S2,F5,5830.0,Bag,5830.0
,,,S2,F5,,Box,0.0
,,,S2,F3,8241.0,Bag,5521.0
,,,S2,F3,,Box,2720.0
,,,S2,F1,15098.0,Bag,6601.0
,,,S2,F1,,Box,8497.0
,Coloring Agent13,600000.0,S5,F7,5910.0,Bag,5910.0
,,,S5,F7,,Box,0.0
,,,S5,F8,5029.0,Bag,5029.0
,,,S5,F8,,Box,0.0
,,,S5,F9,10063.0,Bag,4868.0
,,,S5,F9,,Box,5195.0
,,,S5,F2,8640.0,Bag,8640.0
,,,S5,F2,,Box,0.0
,,,S5,F12,23885.0,Bag,6005.0
,,,S5,F12,,Box,17880.0
,,,S5,F11,11366.0,Bag,4940.0
,,,S5,F11,,Box,6426.0
,,,S5,F6,1934.0,Bag,1934.0
,,,S5,F6,,Box,0.0
,,,S5,F4,7174.0,Bag,7174.0
,,,S5,F4,,Box,0.0
,,,S5,F10,2558.0,Bag,2558.0
,,,S5,F10,,Box,0.0
,,,S5,F5,11595.0,Bag,6850.0
,,,S5,F5,,Box,4745.0
,,,S5,F3,3983.0,Bag,3983.0
,,,S5,F3,,Box,0.0
,,,S5,F1,8093.0,Bag,8093.0
,,,S5,F1,,Box,0.0
,,,S4,F7,16051.0,Bag,9459.0
,,,S4,F7,,Box,6592.0
,,,S4,F8,12425.0,Bag,7371.0
,,,S4,F8,,Box,5054.0
,,,S4,F9,3680.0,Bag,1860.0
,,,S4,F9,,Box,1820.0
,,,S4,F2,6540.0,Bag,6540.0
,,,S4,F2,,Box,0.0
,,,S4,F12,4065.0,Bag,4065.0
,,,S4,F12,,Box,0.0
,,,S4,F11,11329.0,Bag,4530.0
,,,S4,F11,,Box,6799.0
,,,S4,F6,12797.0,Bag,6288.0
,,,S4,F6,,Box,6509.0
,,,S4,F4,6017.0,Bag,3068.0
,,,S4,F4,,Box,2949.0
,,,S4,F10,10285.0,Bag,5234.0
,,,S4,F10,,Box,5051.0
,,,S4,F5,7292.0,Bag,7292.0
,,,S4,F5,,Box,0.0
,,,S4,F3,5336.0,Bag,5336.0
,,,S4,F3,,Box,0.0
,,,S4,F1,14065.0,Bag,4579.0
,,,S4,F1,,Box,9486.0
,,,S3,F7,,Bag,4704.0
,,,S3,F7,,Box,6199.0
,,,S3,F8,18733.0,Bag,10314.0
,,,S3,F8,,Box,8419.0
,,,S3,F9,13405.0,Bag,4835.0
,,,S3,F9,,Box,8570.0
,,,S3,F2,7390.0,Bag,7390.0
,,,S3,F2,,Box,0.0
,,,S3,F12,8003.0,Bag,3565.0
,,,S3,F12,,Box,4438.0
,,,S3,F11,,Bag,4659.0
,,,S3,F11,,Box,6803.0
,,,S3,F6,13938.0,Bag,7217.0
,,,S3,F6,,Box,6721.0
,,,S3,F4,18398.0,Bag,5486.0
,,,S3,F4,,Box,12912.0
,,,S3,F10,6769.0,Bag,6769.0
,,,S3,F10,,Box,0.0
,,,S3,F5,6762.0,Bag,6762.0
,,,S3,F5,,Box,0.0
,,,S3,F3,3153.0,Bag,3153.0
,,,S3,F3,,Box,0.0
,,,S3,F1,10589.0,Bag,4254.0
,,,S3,F1,,Box,6335.0
,,,S1,F7,15841.0,Bag,12338.0
,,,S1,F7,,Box,3503.0
,,,S1,F8,6072.0,Bag,6072.0
,,,S1,F8,,Box,0.0
,,,S1,F9,10853.0,Bag,6912.0
,,,S1,F9,,Box,3941.0
,,,S1,F2,8328.0,Bag,4628.0
,,,S1,F2,,Box,3700.0
,,,S1,F12,9744.0,Bag,5485.0
,,,S1,F12,,Box,4259.0
,,,S1,F11,10845.0,Bag,7230.0
,,,S1,F11,,Box,3615.0
,,,S1,F6,8755.0,Bag,4160.0
,,,S1,F6,,Box,4595.0
,,,S1,F4,6991.0,Bag,6991.0
,,,S1,F4,,Box,0.0
,,,S1,F10,18338.0,Bag,6447.0
,,,S1,F10,,Box,11891.0
,,,S1,F5,,Bag,4313.0
,,,S1,F5,,Box,0.0
,,,S1,F3,10160.0,Bag,6626.0
,,,S1,F3,,Box,3534.0
,,,S1,F1,,Bag,8905.0
,,,S1,F1,,Box,9013.0
,,,S2,F7,8146.0,Bag,3189.0
,,,S2,F7,,Box,4957.0
,,,S2,F8,11046.0,Bag,4594.0
,,,S2,F8,,Box,6452.0
,,,S2,F9,11391.0,Bag,5836.0
,,,S2,F9,,Box,5555.0
,,,S2,F2,4381.0,Bag,0.0
,,,S2,F2,,Box,4381.0
,,,S2,F12,12574.0,Bag,5294.0
,,,S2,F12,,Box,7280.0
,,,S2,F11,11987.0,Bag,6783.0
,,,S2,F11,,Box,5204.0
,,,S2,F6,9618.0,Bag,0.0
,,,S2,F6,,Box,9618.0
,,,S2,F4,12027.0,Bag,6287.0
,,,S2,F4,,Box,5740.0
,,,S2,F10,14551.0,Bag,7959.0
,,,S2,F10,,Box,6592.0
,,,S2,F5,14840.0,Bag,6045.0
,,,S2,F5,,Box,8795.0
,,,S2,F3,12866.0,Bag,8502.0
,,,S2,F3,,Box,4364.0
,,,S2,F1,8798.0,Bag,8798.0
,,,S2,F1,,Box,0.0
,Coloring Agent15,654036.0,S5,F7,9202.0,Bag,9202.0
,,,S5,F7,,Box,0.0
,,,S5,F8,16046.0,Bag,9841.0
,,,S5,F8,,Box,6205.0
,,,S5,F9,14548.0,Bag,7491.0
,,,S5,F9,,Box,7057.0
,,,S5,F2,6079.0,Bag,6079.0
,,,S5,F2,,Box,0.0
,,,S5,F12,10863.0,Bag,8741.0
,,,S5,F12,,Box,2122.0
,,,S5,F11,12996.0,Bag,8494.0
,,,S5,F11,,Box,4502.0
,,,S5,F6,10609.0,Bag,2732.0
,,,S5,F6,,Box,7877.0
,,,S5,F4,9294.0,Bag,5090.0
,,,S5,F4,,Box,4204.0
,,,S5,F10,12814.0,Bag,6888.0
,,,S5,F10,,Box,5926.0
,,,S5,F5,5658.0,Bag,5658.0
,,,S5,F5,,Box,0.0
,,,S5,F3,14621.0,Bag,7058.0
,,,S5,F3,,Box,7563.0
,,,S5,F1,15957.0,Bag,6531.0
,,,S5,F1,,Box,9426.0
,,,S4,F7,6545.0,Bag,0.0
,,,S4,F7,,Box,6545.0
,,,S4,F8,5468.0,Bag,5468.0
,,,S4,F8,,Box,0.0
,,,S4,F9,10893.0,Bag,6795.0
,,,S4,F9,,Box,4098.0
,,,S4,F2,3754.0,Bag,3754.0
,,,S4,F2,,Box,0.0
,,,S4,F12,14358.0,Bag,11283.0
,,,S4,F12,,Box,3075.0
,,,S4,F11,7869.0,Bag,7869.0
,,,S4,F11,,Box,0.0
,,,S4,F6,5778.0,Bag,5778.0
,,,S4,F6,,Box,0.0
,,,S4,F4,19299.0,Bag,12730.0
,,,S4,F4,,Box,6569.0
,,,S4,F10,16400.0,Bag,6709.0
,,,S4,F10,,Box,9691.0
,,,S4,F5,11383.0,Bag,5285.0
,,,S4,F5,,Box,6098.0
,,,S4,F3,10183.0,Bag,5997.0
,,,S4,F3,,Box,4186.0
,,,S4,F1,6616.0,Bag,3254.0
,,,S4,F1,,Box,3362.0
,,,S3,F7,9480.0,Bag,5990.0
,,,S3,F7,,Box,3490.0
,,,S3,F8,11861.0,Bag,4347.0
,,,S3,F8,,Box,7514.0
,,,S3,F9,4885.0,Bag,4885.0
,,,S3,F9,,Box,0.0
,,,S3,F2,10705.0,Bag,4755.0
,,,S3,F2,,Box,5950.0
,,,S3,F12,13215.0,Bag,9047.0
,,,S3,F12,,Box,4168.0
,,,S3,F11,6675.0,Bag,6675.0
,,,S3,F11,,Box,0.0
,,,S3,F6,10754.0,Bag,5726.0
,,,S3,F6,,Box,5028.0
,,,S3,F4,18978.0,Bag,6955.0
,,,S3,F4,,Box,12023.0
,,,S3,F10,8972.0,Bag,3027.0
,,,S3,F10,,Box,5945.0
,,,S3,F5,3959.0,Bag,0.0
,,,S3,F5,,Box,3959.0
,,,S3,F3,10795.0,Bag,6712.0
,,,S3,F3,,Box,4083.0
,,,S3,F1,12680.0,Bag,5823.0
,,,S3,F1,,Box,6857.0
,,,S1,F7,4981.0,Bag,4981.0
,,,S1,F7,,Box,0.0
,,,S1,F8,6516.0,Bag,6516.0
,,,S1,F8,,Box,0.0
,,,S1,F9,16282.0,Bag,8641.0
,,,S1,F9,,Box,7641.0
,,,S1,F2,15031.0,Bag,6134.0
,,,S1,F2,,Box,8897.0
,,,S1,F12,9039.0,Bag,5228.0
,,,S1,F12,,Box,3811.0
,,,S1,F11,8868.0,Bag,8868.0
,,,S1,F11,,Box,0.0
,,,S1,F6,23591.0,Bag,10460.0
,,,S1,F6,,Box,13131.0
,,,S1,F4,10906.0,Bag,5785.0
,,,S1,F4,,Box,5121.0
,,,S1,F10,7446.0,Bag,7446.0
,,,S1,F10,,Box,0.0
,,,S1,F5,7226.0,Bag,2291.0
,,,S1,F5,,Box,4935.0
,,,S1,F3,9822.0,Bag,4818.0
,,,S1,F3,,Box,5004.0
,,,S1,F1,7642.0,Bag,3967.0
,,,S1,F1,,Box,3675.0
,,,S2,F7,12476.0,Bag,5916.0
,,,S2,F7,,Box,6560.0
,,,S2,F8,10489.0,Bag,5965.0
,,,S2,F8,,Box,4524.0
,,,S2,F9,36830.0,Bag,26751.0
,,,S2,F9,,Box,10079.0
,,,S2,F2,11354.0,Bag,5959.0
,,,S2,F2,,Box,5395.0
,,,S2,F12,3749.0,Bag,0.0
,,,S2,F12,,Box,3749.0
,,,S2,F11,12343.0,Bag,9198.0
,,,S2,F11,,Box,3145.0
,,,S2,F6,8084.0,Bag,8084.0
,,,S2,F6,,Box,0.0
,,,S2,F4,5751.0,Bag,5751.0
,,,S2,F4,,Box,0.0
,,,S2,F10,5206.0,Bag,5206.0
,,,S2,F10,,Box,0.0
,,,S2,F5,14014.0,Bag,14014.0
,,,S2,F5,,Box,0.0
,,,S2,F3,15956.0,Bag,9084.0
,,,S2,F3,,Box,6872.0
,,,S2,F1,10242.0,Bag,10242.0
,,,S2,F1,,Box,0.0
,Coloring Agent20,388001.0,S5,F7,2071.0,Bag,2071.0
,,,S5,F7,,Box,0.0
,,,S5,F8,4208.0,Bag,1756.0
,,,S5,F8,,Box,2452.0
,,,S5,F9,8888.0,Bag,6342.0
,,,S5,F9,,Box,2546.0
,,,S5,F2,5439.0,Bag,5439.0
,,,S5,F2,,Box,0.0
,,,S5,F12,482.0,Bag,482.0
,,,S5,F12,,Box,0.0
,,,S5,F11,1614.0,Bag,1614.0
,,,S5,F11,,Box,0.0
,,,S5,F6,3421.0,Bag,0.0
,,,S5,F6,,Box,3421.0
,,,S5,F4,8793.0,Bag,6585.0
,,,S5,F4,,Box,2208.0
,,,S5,F10,6581.0,Bag,4134.0
,,,S5,F10,,Box,2447.0
,,,S5,F5,,Bag,5214.0
,,,S5,F5,,Box,2613.0
,,,S5,F3,7706.0,Bag,3269.0
,,,S5,F3,,Box,4437.0
,,,S5,F1,3739.0,Bag,1121.0
,,,S5,F1,,Box,2618.0
,,,S4,F7,7731.0,Bag,4182.0
,,,S4,F7,,Box,3549.0
,,,S4,F8,5646.0,Bag,2887.0
,,,S4,F8,,Box,2759.0
,,,S4,F9,10262.0,Bag,7578.0
,,,S4,F9,,Box,2684.0
,,,S4,F2,10767.0,Bag,5892.0
,,,S4,F2,,Box,4875.0
,,,S4,F12,8274.0,Bag,3937.0
,,,S4,F12,,Box,4337.0
,,,S4,F11,3459.0,Bag,3459.0
,,,S4,F11,,Box,0.0
,,,S4,F6,2335.0,Bag,2335.0
,,,S4,F6,,Box,0.0
,,,S4,F4,5575.0,Bag,1784.0
,,,S4,F4,,Box,3791.0
,,,S4,F10,11073.0,Bag,5052.0
,,,S4,F10,,Box,6021.0
,,,S4,F5,7691.0,Bag,5167.0
,,,S4,F5,,Box,2524.0
,,,S4,F3,4561.0,Bag,4561.0
,,,S4,F3,,Box,0.0
,,,S4,F1,10126.0,Bag,3844.0
,,,S4,F1,,Box,6282.0
,,,S3,F7,5156.0,Bag,3072.0
,,,S3,F7,,Box,2084.0
,,,S3,F8,10288.0,Bag,4525.0
,,,S3,F8,,Box,5763.0
,,,S3,F9,4876.0,Bag,4876.0
,,,S3,F9,,Box,0.0
,,,S3,F2,4866.0,Bag,3409.0
,,,S3,F2,,Box,1457.0
,,,S3,F12,5969.0,Bag,5969.0
,,,S3,F12,,Box,0.0
,,,S3,F11,,Bag,5358.0
,,,S3,F11,,Box,3456.0
,,,S3,F6,7581.0,Bag,3311.0
,,,S3,F6,,Box,4270.0
,,,S3,F4,398.0,Bag,398.0
,,,S3,F4,,Box,0.0
,,,S3,F10,8687.0,Bag,2582.0
,,,S3,F10,,Box,6105.0
,,,S3,F5,5932.0,Bag,2622.0
,,,S3,F5,,Box,3310.0
,,,S3,F3,8138.0,Bag,3588.0
,,,S3,F3,,Box,4550.0
,,,S3,F1,3730.0,Bag,1757.0
,,,S3,F1,,Box,1973.0
,,,S1,F7,6145.0,Bag,1500.0
,,,S1,F7,,Box,4645.0
,,,S1,F8,8134.0,Bag,5623.0
,,,S1,F8,,Box,2511.0
,,,S1,F9,4186.0,Bag,4186.0
,,,S1,F9,,Box,0.0
,,,S1,F2,8838.0,Bag,4871.0
,,,S1,F2,,Box,3967.0
,,,S1,F12,6965.0,Bag,4370.0
,,,S1,F12,,Box,2595.0
,,,S1,F11,,Bag,4475.0
,,,S1,F11,,Box,2346.0
,,,S1,F6,4029.0,Bag,4029.0
,,,S1,F6,,Box,0.0
,,,S1,F4,4299.0,Bag,2094.0
,,,S1,F4,,Box,2205.0
,,,S1,F10,4690.0,Bag,2096.0
,,,S1,F10,,Box,2594.0
,,,S1,F5,15039.0,Bag,10676.0
,,,S1,F5,,Box,4363.0
,,,S1,F3,4791.0,Bag,2085.0
,,,S1,F3,,Box,2706.0
,,,S1,F1,10196.0,Bag,4628.0
,,,S1,F1,,Box,5568.0
,,,S2,F7,6160.0,Bag,3613.0
,,,S2,F7,,Box,2547.0
,,,S2,F8,4429.0,Bag,1776.0
,,,S2,F8,,Box,2653.0
,,,S2,F9,5566.0,Bag,3344.0
,,,S2,F9,,Box,2222.0
,,,S2,F2,5573.0,Bag,3140.0
,,,S2,F2,,Box,2433.0
,,,S2,F12,3695.0,Bag,2557.0
,,,S2,F12,,Box,1138.0
,,,S2,F11,6565.0,Bag,4792.0
,,,S2,F11,,Box,1773.0
,,,S2,F6,11968.0,Bag,4526.0
,,,S2,F6,,Box,7442.0
,,,S2,F4,5633.0,Bag,5633.0
,,,S2,F4,,Box,0.0
,,,S2,F10,5820.0,Bag,2808.0
,,,S2,F10,,Box,3012.0
,,,S2,F5,10226.0,Bag,7276.0
,,,S2,F5,,Box,2950.0
,,,S2,F3,12182.0,Bag,7840.0
,,,S2,F3,,Box,4342.0
,,,S2,F1,3347.0,Bag,3347.0
,,,S2,F1,,Box,0.0
,Coloring Agent22,,S5,F7,13792.0,Bag,8133.0
,,,S5,F7,,Box,5659.0
,,,S5,F8,7428.0,Bag,7428.0
,,,S5,F8,,Box,0.0
,,,S5,F9,2675.0,Bag,2675.0
,,,S5,F9,,Box,0.0
,,,S5,F2,7941.0,Bag,7941.0
,,,S5,F2,,Box,0.0
,,,S5,F12,17121.0,Bag,17121.0
,,,S5,F12,,Box,0.0
,,,S5,F11,12351.0,Bag,5505.0
,,,S5,F11,,Box,6846.0
,,,S5,F6,9059.0,Bag,4473.0
,,,S5,F6,,Box,4586.0
,,,S5,F4,3115.0,Bag,3115.0
,,,S5,F4,,Box,0.0
,,,S5,F10,18074.0,Bag,14960.0
,,,S5,F10,,Box,3114.0
,,,S5,F5,2289.0,Bag,2289.0
,,,S5,F5,,Box,0.0
,,,S5,F3,9748.0,Bag,4851.0
,,,S5,F3,,Box,4897.0
,,,S5,F1,,Bag,10226.0
,,,S5,F1,,Box,0.0
,,,S4,F7,10558.0,Bag,3863.0
,,,S4,F7,,Box,6695.0
,,,S4,F8,15400.0,Bag,7141.0
,,,S4,F8,,Box,8259.0
,,,S4,F9,2615.0,Bag,2615.0
,,,S4,F9,,Box,0.0
,,,S4,F2,12838.0,Bag,5446.0
,,,S4,F2,,Box,7392.0
,,,S4,F12,19290.0,Bag,7251.0
,,,S4,F12,,Box,12039.0
,,,S4,F11,13798.0,Bag,7578.0
,,,S4,F11,,Box,6220.0
,,,S4,F6,855.0,Bag,855.0
,,,S4,F6,,Box,0.0
,,,S4,F4,14387.0,Bag,7367.0
,,,S4,F4,,Box,7020.0
,,,S4,F10,9725.0,Bag,9725.0
,,,S4,F10,,Box,0.0
,,,S4,F5,7958.0,Bag,7958.0
,,,S4,F5,,Box,0.0
,,,S4,F3,9418.0,Bag,3285.0
,,,S4,F3,,Box,6133.0
,,,S4,F1,9962.0,Bag,4849.0
,,,S4,F1,,Box,5113.0
,,,S3,F7,,Bag,0.0
,,,S3,F7,,Box,0.0
,,,S3,F8,10990.0,Bag,8011.0
,,,S3,F8,,Box,2979.0
,,,S3,F9,16753.0,Bag,9503.0
,,,S3,F9,,Box,7250.0
,,,S3,F2,13508.0,Bag,7851.0
,,,S3,F2,,Box,5657.0
,,,S3,F12,17670.0,Bag,7100.0
,,,S3,F12,,Box,10570.0
,,,S3,F11,12036.0,Bag,8581.0
,,,S3,F11,,Box,3455.0
,,,S3,F6,433.0,Bag,433.0
,,,S3,F6,,Box,0.0
,,,S3,F4,,Bag,0.0
,,,S3,F4,,Box,0.0
,,,S3,F10,,Bag,6965.0
,,,S3,F10,,Box,0.0
,,,S3,F5,9988.0,Bag,3432.0
,,,S3,F5,,Box,6556.0
,,,S3,F3,10437.0,Bag,3752.0
,,,S3,F3,,Box,6685.0
,,,S3,F1,7093.0,Bag,7093.0
,,,S3,F1,,Box,0.0
,,,S1,F7,10239.0,Bag,5865.0
,,,S1,F7,,Box,4374.0
,,,S1,F8,4873.0,Bag,4873.0
,,,S1,F8,,Box,0.0
,,,S1,F9,13126.0,Bag,4540.0
,,,S1,F9,,Box,8586.0
,,,S1,F2,13121.0,Bag,8363.0
,,,S1,F2,,Box,4758.0
,,,S1,F12,7505.0,Bag,0.0
,,,S1,F12,,Box,7505.0
,,,S1,F11,8422.0,Bag,4151.0
,,,S1,F11,,Box,4271.0
,,,S1,F6,11505.0,Bag,3706.0
,,,S1,F6,,Box,7799.0
,,,S1,F4,16379.0,Bag,9826.0
,,,S1,F4,,Box,6553.0
,,,S1,F10,6648.0,Bag,6648.0
,,,S1,F10,,Box,0.0
,,,S1,F5,12893.0,Bag,7744.0
,,,S1,F5,,Box,5149.0
,,,S1,F3,6445.0,Bag,6445.0
,,,S1,F3,,Box,0.0
,,,S1,F1,13876.0,Bag,6624.0
,,,S1,F1,,Box,7252.0
,,,S2,F7,15225.0,Bag,10178.0
,,,S2,F7,,Box,5047.0
,,,S2,F8,13445.0,Bag,6558.0
,,,S2,F8,,Box,6887.0
,,,S2,F9,,Bag,7642.0
,,,S2,F9,,Box,0.0
,,,S2,F2,13644.0,Bag,4730.0
,,,S2,F2,,Box,8914.0
,,,S2,F12,,Bag,0.0
,,,S2,F12,,Box,0.0
,,,S2,F11,10977.0,Bag,8077.0
,,,S2,F11,,Box,2900.0
,,,S2,F6,10135.0,Bag,4256.0
,,,S2,F6,,Box,5879.0
,,,S2,F4,4789.0,Bag,4789.0
,,,S2,F4,,Box,0.0
,,,S2,F10,16024.0,Bag,7987.0
,,,S2,F10,,Box,8037.0
,,,S2,F5,,Bag,9114.0
,,,S2,F5,,Box,8770.0
,,,S2,F3,8785.0,Bag,2362.0
,,,S2,F3,,Box,6423.0
,,,S2,F1,9924.0,Bag,3673.0
,,,S2,F1,,Box,6251.0
,Coloring Agent23,600005.0,S5,F7,11972.0,Bag,7594.0
,,,S5,F7,,Box,4378.0
,,,S5,F8,4772.0,Bag,4772.0
,,,S5,F8,,Box,0.0
,,,S5,F9,,Bag,5622.0
,,,S5,F9,,Box,7766.0
,,,S5,F2,,Bag,5180.0
,,,S5,F2,,Box,6305.0
,,,S5,F12,11133.0,Bag,4820.0
,,,S5,F12,,Box,6313.0
,,,S5,F11,10271.0,Bag,2371.0
,,,S5,F11,,Box,7900.0
,,,S5,F6,13101.0,Bag,3671.0
,,,S5,F6,,Box,9430.0
,,,S5,F4,17767.0,Bag,9525.0
,,,S5,F4,,Box,8242.0
,,,S5,F10,10569.0,Bag,6335.0
,,,S5,F10,,Box,4234.0
,,,S5,F5,3556.0,Bag,3556.0
,,,S5,F5,,Box,0.0
,,,S5,F3,11244.0,Bag,6171.0
,,,S5,F3,,Box,5073.0
,,,S5,F1,8957.0,Bag,3643.0
,,,S5,F1,,Box,5314.0
,,,S4,F7,4241.0,Bag,4241.0
,,,S4,F7,,Box,0.0
,,,S4,F8,11670.0,Bag,4169.0
,,,S4,F8,,Box,7501.0
,,,S4,F9,11014.0,Bag,8603.0
,,,S4,F9,,Box,2411.0
,,,S4,F2,8442.0,Bag,8442.0
,,,S4,F2,,Box,0.0
,,,S4,F12,9541.0,Bag,3725.0
,,,S4,F12,,Box,5816.0
,,,S4,F11,7415.0,Bag,317.0
,,,S4,F11,,Box,7098.0
,,,S4,F6,6819.0,Bag,6819.0
,,,S4,F6,,Box,0.0
,,,S4,F4,6975.0,Bag,6975.0
,,,S4,F4,,Box,0.0
,,,S4,F10,9044.0,Bag,9044.0
,,,S4,F10,,Box,0.0
,,,S4,F5,12753.0,Bag,3703.0
,,,S4,F5,,Box,9050.0
,,,S4,F3,12173.0,Bag,8878.0
,,,S4,F3,,Box,3295.0
,,,S4,F1,13087.0,Bag,4955.0
,,,S4,F1,,Box,8132.0
,,,S3,F7,12934.0,Bag,5994.0
,,,S3,F7,,Box,6940.0
,,,S3,F8,11390.0,Bag,3382.0
,,,S3,F8,,Box,8008.0
,,,S3,F9,3322.0,Bag,0.0
,,,S3,F9,,Box,3322.0
,,,S3,F2,5256.0,Bag,5256.0
,,,S3,F2,,Box,0.0
,,,S3,F12,8761.0,Bag,5065.0
,,,S3,F12,,Box,3696.0
,,,S3,F11,9809.0,Bag,6387.0
,,,S3,F11,,Box,3422.0
,,,S3,F6,8118.0,Bag,8118.0
,,,S3,F6,,Box,0.0
,,,S3,F4,11664.0,Bag,7392.0
,,,S3,F4,,Box,4272.0
,,,S3,F10,12092.0,Bag,8071.0
,,,S3,F10,,Box,4021.0
,,,S3,F5,16460.0,Bag,9162.0
,,,S3,F5,,Box,7298.0
,,,S3,F3,12115.0,Bag,6111.0
,,,S3,F3,,Box,6004.0
,,,S3,F1,8799.0,Bag,5336.0
,,,S3,F1,,Box,3463.0
,,,S1,F7,8108.0,Bag,5070.0
,,,S1,F7,,Box,3038.0
,,,S1,F8,,Bag,0.0
,,,S1,F8,,Box,0.0
,,,S1,F9,13090.0,Bag,6333.0
,,,S1,F9,,Box,6757.0
,,,S1,F2,9759.0,Bag,4731.0
,,,S1,F2,,Box,5028.0
,,,S1,F12,27469.0,Bag,21682.0
,,,S1,F12,,Box,5787.0
,,,S1,F11,9616.0,Bag,6364.0
,,,S1,F11,,Box,3252.0
,,,S1,F6,9339.0,Bag,4001.0
,,,S1,F6,,Box,5338.0
,,,S1,F4,11030.0,Bag,6121.0
,,,S1,F4,,Box,4909.0
,,,S1,F10,4272.0,Bag,4272.0
,,,S1,F10,,Box,0.0
,,,S1,F5,17426.0,Bag,10851.0
,,,S1,F5,,Box,6575.0
,,,S1,F3,11894.0,Bag,5688.0
,,,S1,F3,,Box,6206.0
,,,S1,F1,3796.0,Bag,3796.0
,,,S1,F1,,Box,0.0
,,,S2,F7,8401.0,Bag,8401.0
,,,S2,F7,,Box,0.0
,,,S2,F8,5414.0,Bag,5414.0
,,,S2,F8,,Box,0.0
,,,S2,F9,11547.0,Bag,7304.0
,,,S2,F9,,Box,4243.0
,,,S2,F2,9239.0,Bag,3330.0
,,,S2,F2,,Box,5909.0
,,,S2,F12,4253.0,Bag,4253.0
,,,S2,F12,,Box,0.0
,,,S2,F11,13433.0,Bag,8658.0
,,,S2,F11,,Box,4775.0
,,,S2,F6,5277.0,Bag,5277.0
,,,S2,F6,,Box,0.0
,,,S2,F4,5507.0,Bag,5507.0
,,,S2,F4,,Box,0.0
,,,S2,F10,11727.0,Bag,7512.0
,,,S2,F10,,Box,4215.0
,,,S2,F5,5997.0,Bag,5997.0
,,,S2,F5,,Box,0.0
,,,S2,F3,14823.0,Bag,4742.0
,,,S2,F3,,Box,10081.0
,,,S2,F1,16479.0,Bag,10938.0
,,,S2,F1,,Box,5541.0
,Coloring Agent24,299998.0,S5,F7,2926.0,Bag,0.0
,,,S5,F7,,Box,2926.0
,,,S5,F8,,Bag,2329.0
,,,S5,F8,,Box,2131.0
,,,S5,F9,4274.0,Bag,2768.0
,,,S5,F9,,Box,1506.0
,,,S5,F2,10414.0,Bag,7677.0
,,,S5,F2,,Box,2737.0
,,,S5,F12,5885.0,Bag,2801.0
,,,S5,F12,,Box,3084.0
,,,S5,F11,7017.0,Bag,4716.0
,,,S5,F11,,Box,2301.0
,,,S5,F6,5292.0,Bag,1587.0
,,,S5,F6,,Box,3705.0
,,,S5,F4,9567.0,Bag,3616.0
,,,S5,F4,,Box,5951.0
,,,S5,F10,3439.0,Bag,3439.0
,,,S5,F10,,Box,0.0
,,,S5,F5,9160.0,Bag,5382.0
,,,S5,F5,,Box,3778.0
,,,S5,F3,1423.0,Bag,1423.0
,,,S5,F3,,Box,0.0
,,,S5,F1,4027.0,Bag,4027.0
,,,S5,F1,,Box,0.0
,,,S4,F7,2130.0,Bag,2130.0
,,,S4,F7,,Box,0.0
,,,S4,F8,1625.0,Bag,1625.0
,,,S4,F8,,Box,0.0
,,,S4,F9,5547.0,Bag,2229.0
,,,S4,F9,,Box,3318.0
,,,S4,F2,2641.0,Bag,2641.0
,,,S4,F2,,Box,0.0
,,,S4,F12,1784.0,Bag,1784.0
,,,S4,F12,,Box,0.0
,,,S4,F11,5109.0,Bag,3196.0
,,,S4,F11,,Box,1913.0
,,,S4,F6,6517.0,Bag,2683.0
,,,S4,F6,,Box,3834.0
,,,S4,F4,3359.0,Bag,2010.0
,,,S4,F4,,Box,1349.0
,,,S4,F10,7445.0,Bag,4163.0
,,,S4,F10,,Box,3282.0
,,,S4,F5,,Bag,3254.0
,,,S4,F5,,Box,3311.0
,,,S4,F3,2220.0,Bag,2220.0
,,,S4,F3,,Box,0.0
,,,S4,F1,4677.0,Bag,2880.0
,,,S4,F1,,Box,1797.0
,,,S3,F7,7376.0,Bag,7376.0
,,,S3,F7,,Box,0.0
,,,S3,F8,2149.0,Bag,0.0
,,,S3,F8,,Box,2149.0
,,,S3,F9,4770.0,Bag,2180.0
,,,S3,F9,,Box,2590.0
,,,S3,F2,2821.0,Bag,2040.0
,,,S3,F2,,Box,781.0
,,,S3,F12,4657.0,Bag,3248.0
,,,S3,F12,,Box,1409.0
,,,S3,F11,6992.0,Bag,2882.0
,,,S3,F11,,Box,4110.0
,,,S3,F6,6995.0,Bag,4021.0
,,,S3,F6,,Box,2974.0
,,,S3,F4,2538.0,Bag,2538.0
,,,S3,F4,,Box,0.0
,,,S3,F10,3720.0,Bag,2801.0
,,,S3,F10,,Box,919.0
,,,S3,F5,9553.0,Bag,5872.0
,,,S3,F5,,Box,3681.0
,,,S3,F3,7488.0,Bag,5332.0
,,,S3,F3,,Box,2156.0
,,,S3,F1,6765.0,Bag,3547.0
,,,S3,F1,,Box,3218.0
,,,S1,F7,4505.0,Bag,2706.0
,,,S1,F7,,Box,1799.0
,,,S1,F8,1989.0,Bag,1989.0
,,,S1,F8,,Box,0.0
,,,S1,F9,4622.0,Bag,4622.0
,,,S1,F9,,Box,0.0
,,,S1,F2,,Bag,2436.0
,,,S1,F2,,Box,2734.0
,,,S1,F12,2190.0,Bag,2190.0
,,,S1,F12,,Box,0.0
,,,S1,F11,6453.0,Bag,2077.0
,,,S1,F11,,Box,4376.0
,,,S1,F6,6006.0,Bag,2574.0
,,,S1,F6,,Box,3432.0
,,,S1,F4,4864.0,Bag,2072.0
,,,S1,F4,,Box,2792.0
,,,S1,F10,,Bag,0.0
,,,S1,F10,,Box,0.0
,,,S1,F5,5488.0,Bag,3493.0
,,,S1,F5,,Box,1995.0
,,,S1,F3,,Bag,4927.0
,,,S1,F3,,Box,1992.0
,,,S1,F1,3776.0,Bag,1704.0
,,,S1,F1,,Box,2072.0
,,,S2,F7,5263.0,Bag,3447.0
,,,S2,F7,,Box,1816.0
,,,S2,F8,1436.0,Bag,1436.0
,,,S2,F8,,Box,0.0
,,,S2,F9,4938.0,Bag,3055.0
,,,S2,F9,,Box,1883.0
,,,S2,F2,5988.0,Bag,2967.0
,,,S2,F2,,Box,3021.0
,,,S2,F12,7264.0,Bag,2645.0
,,,S2,F12,,Box,4619.0
,,,S2,F11,5794.0,Bag,2999.0
,,,S2,F11,,Box,2795.0
,,,S2,F6,,Bag,3799.0
,,,S2,F6,,Box,2963.0
,,,S2,F4,5763.0,Bag,2579.0
,,,S2,F4,,Box,3184.0
,,,S2,F10,3180.0,Bag,0.0
,,,S2,F10,,Box,3180.0
,,,S2,F5,,Bag,3916.0
,,,S2,F5,,Box,4091.0
,,,S2,F3,6570.0,Bag,3143.0
,,,S2,F3,,Box,3427.0
,,,S2,F1,3724.0,Bag,3724.0
,,,S2,F1,,Box,0.0
,Coloring Agent25,300002.0,S5,F7,7193.0,Bag,4318.0
,,,S5,F7,,Box,2875.0
,,,S5,F8,4318.0,Bag,2062.0
,,,S5,F8,,Box,2256.0
,,,S5,F9,,Bag,3419.0
,,,S5,F9,,Box,2147.0
,,,S5,F2,2707.0,Bag,2707.0
,,,S5,F2,,Box,0.0
,,,S5,F12,,Bag,2093.0
,,,S5,F12,,Box,2160.0
,,,S5,F11,7053.0,Bag,2586.0
,,,S5,F11,,Box,4467.0
,,,S5,F6,1922.0,Bag,1922.0
,,,S5,F6,,Box,0.0
,,,S5,F4,3708.0,Bag,3708.0
,,,S5,F4,,Box,0.0
,,,S5,F10,5755.0,Bag,2987.0
,,,S5,F10,,Box,2768.0
,,,S5,F5,3641.0,Bag,3641.0
,,,S5,F5,,Box,0.0
,,,S5,F3,10987.0,Bag,7324.0
,,,S5,F3,,Box,3663.0
,,,S5,F1,,Bag,3839.0
,,,S5,F1,,Box,2149.0
,,,S4,F7,4195.0,Bag,1922.0
,,,S4,F7,,Box,2273.0
,,,S4,F8,1453.0,Bag,0.0
,,,S4,F8,,Box,1453.0
,,,S4,F9,2438.0,Bag,2438.0
,,,S4,F9,,Box,0.0
,,,S4,F2,5986.0,Bag,3954.0
,,,S4,F2,,Box,2032.0
,,,S4,F12,4079.0,Bag,1845.0
,,,S4,F12,,Box,2234.0
,,,S4,F11,1705.0,Bag,0.0
,,,S4,F11,,Box,1705.0
,,,S4,F6,3373.0,Bag,3373.0
,,,S4,F6,,Box,0.0
,,,S4,F4,5864.0,Bag,2650.0
,,,S4,F4,,Box,3214.0
,,,S4,F10,6750.0,Bag,4352.0
,,,S4,F10,,Box,2398.0
,,,S4,F5,3909.0,Bag,3909.0
,,,S4,F5,,Box,0.0
,,,S4,F3,5617.0,Bag,3486.0
,,,S4,F3,,Box,2131.0
,,,S4,F1,5923.0,Bag,3495.0
,,,S4,F1,,Box,2428.0
,,,S3,F7,4720.0,Bag,2598.0
,,,S3,F7,,Box,2122.0
,,,S3,F8,6216.0,Bag,3990.0
,,,S3,F8,,Box,2226.0
,,,S3,F9,7066.0,Bag,4832.0
,,,S3,F9,,Box,2234.0
,,,S3,F2,5385.0,Bag,3760.0
,,,S3,F2,,Box,1625.0
,,,S3,F12,2752.0,Bag,2752.0
,,,S3,F12,,Box,0.0
,,,S3,F11,5962.0,Bag,2344.0
,,,S3,F11,,Box,3618.0
,,,S3,F6,5204.0,Bag,2220.0
,,,S3,F6,,Box,2984.0
,,,S3,F4,6063.0,Bag,3269.0
,,,S3,F4,,Box,2794.0
,,,S3,F10,4325.0,Bag,4325.0
,,,S3,F10,,Box,0.0
,,,S3,F5,2864.0,Bag,2864.0
,,,S3,F5,,Box,0.0
,,,S3,F3,2428.0,Bag,0.0
,,,S3,F3,,Box,2428.0
,,,S3,F1,8903.0,Bag,2553.0
,,,S3,F1,,Box,6350.0
,,,S1,F7,5668.0,Bag,1565.0
,,,S1,F7,,Box,4103.0
,,,S1,F8,1677.0,Bag,1677.0
,,,S1,F8,,Box,0.0
,,,S1,F9,5936.0,Bag,3700.0
,,,S1,F9,,Box,2236.0
,,,S1,F2,,Bag,4202.0
,,,S1,F2,,Box,0.0
,,,S1,F12,4093.0,Bag,2684.0
,,,S1,F12,,Box,1409.0
,,,S1,F11,4207.0,Bag,2186.0
,,,S1,F11,,Box,2021.0
,,,S1,F6,,Bag,2424.0
,,,S1,F6,,Box,0.0
,,,S1,F4,10057.0,Bag,8294.0
,,,S1,F4,,Box,1763.0
,,,S1,F10,6116.0,Bag,4980.0
,,,S1,F10,,Box,1136.0
,,,S1,F5,2332.0,Bag,2332.0
,,,S1,F5,,Box,0.0
,,,S1,F3,7440.0,Bag,3823.0
,,,S1,F3,,Box,3617.0
,,,S1,F1,5670.0,Bag,2943.0
,,,S1,F1,,Box,2727.0
,,,S2,F7,3394.0,Bag,1634.0
,,,S2,F7,,Box,1760.0
,,,S2,F8,5093.0,Bag,5093.0
,,,S2,F8,,Box,0.0
,,,S2,F9,2838.0,Bag,1450.0
,,,S2,F9,,Box,1388.0
,,,S2,F2,6284.0,Bag,2603.0
,,,S2,F2,,Box,3681.0
,,,S2,F12,,Bag,3472.0
,,,S2,F12,,Box,4584.0
,,,S2,F11,8020.0,Bag,4595.0
,,,S2,F11,,Box,3425.0
,,,S2,F6,3059.0,Bag,3059.0
,,,S2,F6,,Box,0.0
,,,S2,F4,6337.0,Bag,2741.0
,,,S2,F4,,Box,3596.0
,,,S2,F10,5719.0,Bag,1979.0
,,,S2,F10,,Box,3740.0
,,,S2,F5,5828.0,Bag,2721.0
,,,S2,F5,,Box,3107.0
,,,S2,F3,5717.0,Bag,2770.0
,,,S2,F3,,Box,2947.0
,,,S2,F1,3564.0,Bag,3564.0
,,,S2,F1,,Box,0.0
,Coloring Agent26,320001.0,S5,F7,4743.0,Bag,3479.0
,,,S5,F7,,Box,1264.0
,,,S5,F8,8372.0,Bag,5974.0
,,,S5,F8,,Box,2398.0
,,,S5,F9,3097.0,Bag,3097.0
,,,S5,F9,,Box,0.0
,,,S5,F2,8488.0,Bag,3511.0
,,,S5,F2,,Box,4977.0
,,,S5,F12,2536.0,Bag,2536.0
,,,S5,F12,,Box,0.0
,,,S5,F11,5407.0,Bag,3193.0
,,,S5,F11,,Box,2214.0
,,,S5,F6,5318.0,Bag,2465.0
,,,S5,F6,,Box,2853.0
,,,S5,F4,5257.0,Bag,5257.0
,,,S5,F4,,Box,0.0
,,,S5,F10,6143.0,Bag,3256.0
,,,S5,F10,,Box,2887.0
,,,S5,F5,638.0,Bag,0.0
,,,S5,F5,,Box,638.0
,,,S5,F3,6129.0,Bag,3978.0
,,,S5,F3,,Box,2151.0
,,,S5,F1,,Bag,3185.0
,,,S5,F1,,Box,0.0
,,,S4,F7,3834.0,Bag,3834.0
,,,S4,F7,,Box,0.0
,,,S4,F8,6701.0,Bag,3795.0
,,,S4,F8,,Box,2906.0
,,,S4,F9,7044.0,Bag,3406.0
,,,S4,F9,,Box,3638.0
,,,S4,F2,8936.0,Bag,6466.0
,,,S4,F2,,Box,2470.0
,,,S4,F12,4633.0,Bag,4633.0
,,,S4,F12,,Box,0.0
,,,S4,F11,,Bag,2348.0
,,,S4,F11,,Box,9046.0
,,,S4,F6,5590.0,Bag,2584.0
,,,S4,F6,,Box,3006.0
,,,S4,F4,6515.0,Bag,3027.0
,,,S4,F4,,Box,3488.0
,,,S4,F10,4769.0,Bag,3088.0
,,,S4,F10,,Box,1681.0
,,,S4,F5,7284.0,Bag,3441.0
,,,S4,F5,,Box,3843.0
,,,S4,F3,3856.0,Bag,1590.0
,,,S4,F3,,Box,2266.0
,,,S4,F1,4735.0,Bag,1437.0
,,,S4,F1,,Box,3298.0
,,,S3,F7,4855.0,Bag,2322.0
,,,S3,F7,,Box,2533.0
,,,S3,F8,2421.0,Bag,2421.0
,,,S3,F8,,Box,0.0
,,,S3,F9,4614.0,Bag,2044.0
,,,S3,F9,,Box,2570.0
,,,S3,F2,4333.0,Bag,4333.0
,,,S3,F2,,Box,0.0
,,,S3,F12,6356.0,Bag,2837.0
,,,S3,F12,,Box,3519.0
,,,S3,F11,4541.0,Bag,2889.0
,,,S3,F11,,Box,1652.0
,,,S3,F6,5996.0,Bag,3141.0
,,,S3,F6,,Box,2855.0
,,,S3,F4,3188.0,Bag,0.0
,,,S3,F4,,Box,3188.0
,,,S3,F10,5648.0,Bag,3661.0
,,,S3,F10,,Box,1987.0
,,,S3,F5,,Bag,2647.0
,,,S3,F5,,Box,8013.0
,,,S3,F3,7708.0,Bag,3185.0
,,,S3,F3,,Box,4523.0
,,,S3,F1,4583.0,Bag,2589.0
,,,S3,F1,,Box,1994.0
,,,S1,F7,5012.0,Bag,2047.0
,,,S1,F7,,Box,2965.0
,,,S1,F8,4329.0,Bag,1139.0
,,,S1,F8,,Box,3190.0
,,,S1,F9,,Bag,4102.0
,,,S1,F9,,Box,3589.0
,,,S1,F2,3242.0,Bag,3242.0
,,,S1,F2,,Box,0.0
,,,S1,F12,3074.0,Bag,3074.0
,,,S1,F12,,Box,0.0
,,,S1,F11,4860.0,Bag,1566.0
,,,S1,F11,,Box,3294.0
,,,S1,F6,4630.0,Bag,4630.0
,,,S1,F6,,Box,0.0
,,,S1,F4,7047.0,Bag,3443.0
,,,S1,F4,,Box,3604.0
,,,S1,F10,4963.0,Bag,2240.0
,,,S1,F10,,Box,2723.0
,,,S1,F5,1818.0,Bag,0.0
,,,S1,F5,,Box,1818.0
,,,S1,F3,2607.0,Bag,2607.0
,,,S1,F3,,Box,0.0
,,,S1,F1,3075.0,Bag,3075.0
,,,S1,F1,,Box,0.0
,,,S2,F7,2676.0,Bag,2676.0
,,,S2,F7,,Box,0.0
,,,S2,F8,4577.0,Bag,3030.0
,,,S2,F8,,Box,1547.0
,,,S2,F9,,Bag,3113.0
,,,S2,F9,,Box,3198.0
,,,S2,F2,7228.0,Bag,2014.0
,,,S2,F2,,Box,5214.0
,,,S2,F12,5027.0,Bag,1863.0
,,,S2,F12,,Box,3164.0
,,,S2,F11,3684.0,Bag,1981.0
,,,S2,F11,,Box,1703.0
,,,S2,F6,3327.0,Bag,3327.0
,,,S2,F6,,Box,0.0
,,,S2,F4,7220.0,Bag,7220.0
,,,S2,F4,,Box,0.0
,,,S2,F10,5315.0,Bag,3638.0
,,,S2,F10,,Box,1677.0
,,,S2,F5,5591.0,Bag,3095.0
,,,S2,F5,,Box,2496.0
,,,S2,F3,9298.0,Bag,1911.0
,,,S2,F3,,Box,7387.0
,,,S2,F1,7892.0,Bag,5794.0
,,,S2,F1,,Box,2098.0
,Coloring Agent27,599998.0,S5,F7,13596.0,Bag,3285.0
,,,S5,F7,,Box,10311.0
,,,S5,F8,,Bag,0.0
,,,S5,F8,,Box,0.0
,,,S5,F9,14431.0,Bag,2791.0
,,,S5,F9,,Box,11640.0
,,,S5,F2,4095.0,Bag,4095.0
,,,S5,F2,,Box,0.0
,,,S5,F12,5544.0,Bag,2340.0
,,,S5,F12,,Box,3204.0
,,,S5,F11,3038.0,Bag,3038.0
,,,S5,F11,,Box,0.0
,,,S5,F6,11189.0,Bag,6733.0
,,,S5,F6,,Box,4456.0
,,,S5,F4,9189.0,Bag,3657.0
,,,S5,F4,,Box,5532.0
,,,S5,F10,10842.0,Bag,6199.0
,,,S5,F10,,Box,4643.0
,,,S5,F5,13647.0,Bag,7375.0
,,,S5,F5,,Box,6272.0
,,,S5,F3,10353.0,Bag,5941.0
,,,S5,F3,,Box,4412.0
,,,S5,F1,11282.0,Bag,4374.0
,,,S5,F1,,Box,6908.0
,,,S4,F7,9178.0,Bag,4075.0
,,,S4,F7,,Box,5103.0
,,,S4,F8,,Bag,31.0
,,,S4,F8,,Box,3653.0
,,,S4,F9,9200.0,Bag,2286.0
,,,S4,F9,,Box,6914.0
,,,S4,F2,8851.0,Bag,3903.0
,,,S4,F2,,Box,4948.0
,,,S4,F12,20999.0,Bag,14511.0
,,,S4,F12,,Box,6488.0
,,,S4,F11,19038.0,Bag,14375.0
,,,S4,F11,,Box,4663.0
,,,S4,F6,8128.0,Bag,4422.0
,,,S4,F6,,Box,3706.0
,,,S4,F4,6904.0,Bag,3683.0
,,,S4,F4,,Box,3221.0
,,,S4,F10,10965.0,Bag,4931.0
,,,S4,F10,,Box,6034.0
,,,S4,F5,10403.0,Bag,6738.0
,,,S4,F5,,Box,3665.0
,,,S4,F3,11956.0,Bag,5487.0
,,,S4,F3,,Box,6469.0
,,,S4,F1,7331.0,Bag,3845.0
,,,S4,F1,,Box,3486.0
,,,S3,F7,14460.0,Bag,5032.0
,,,S3,F7,,Box,9428.0
,,,S3,F8,15367.0,Bag,9319.0
,,,S3,F8,,Box,6048.0
,,,S3,F9,9475.0,Bag,4477.0
,,,S3,F9,,Box,4998.0
,,,S3,F2,14255.0,Bag,3110.0
,,,S3,F2,,Box,11145.0
,,,S3,F12,14890.0,Bag,4756.0
,,,S3,F12,,Box,10134.0
,,,S3,F11,7994.0,Bag,7994.0
,,,S3,F11,,Box,0.0
,,,S3,F6,11435.0,Bag,6609.0
,,,S3,F6,,Box,4826.0
,,,S3,F4,,Bag,3693.0
,,,S3,F4,,Box,7854.0
,,,S3,F10,,Bag,9358.0
,,,S3,F10,,Box,7893.0
,,,S3,F5,18704.0,Bag,5862.0
,,,S3,F5,,Box,12842.0
,,,S3,F3,8661.0,Bag,4018.0
,,,S3,F3,,Box,4643.0
,,,S3,F1,15043.0,Bag,11975.0
,,,S3,F1,,Box,3068.0
,,,S1,F7,,Bag,4882.0
,,,S1,F7,,Box,5532.0
,,,S1,F8,9109.0,Bag,5702.0
,,,S1,F8,,Box,3407.0
,,,S1,F9,11830.0,Bag,5094.0
,,,S1,F9,,Box,6736.0
,,,S1,F2,4126.0,Bag,4126.0
,,,S1,F2,,Box,0.0
,,,S1,F12,3089.0,Bag,3089.0
,,,S1,F12,,Box,0.0
,,,S1,F11,9264.0,Bag,5013.0
,,,S1,F11,,Box,4251.0
,,,S1,F6,10496.0,Bag,7143.0
,,,S1,F6,,Box,3353.0
,,,S1,F4,14747.0,Bag,7226.0
,,,S1,F4,,Box,7521.0
,,,S1,F10,10883.0,Bag,5618.0
,,,S1,F10,,Box,5265.0
,,,S1,F5,3950.0,Bag,3950.0
,,,S1,F5,,Box,0.0
,,,S1,F3,11696.0,Bag,5990.0
,,,S1,F3,,Box,5706.0
,,,S1,F1,5534.0,Bag,5534.0
,,,S1,F1,,Box,0.0
,,,S2,F7,2554.0,Bag,2554.0
,,,S2,F7,,Box,0.0
,,,S2,F8,6796.0,Bag,6796.0
,,,S2,F8,,Box,0.0
,,,S2,F9,9862.0,Bag,4907.0
,,,S2,F9,,Box,4955.0
,,,S2,F2,7360.0,Bag,7360.0
,,,S2,F2,,Box,0.0
,,,S2,F12,10275.0,Bag,3935.0
,,,S2,F12,,Box,6340.0
,,,S2,F11,6344.0,Bag,4787.0
,,,S2,F11,,Box,1557.0
,,,S2,F6,7918.0,Bag,2807.0
,,,S2,F6,,Box,5111.0
,,,S2,F4,,Bag,4734.0
,,,S2,F4,,Box,10305.0
,,,S2,F10,11273.0,Bag,5218.0
,,,S2,F10,,Box,6055.0
,,,S2,F5,3611.0,Bag,3611.0
,,,S2,F5,,Box,0.0
,,,S2,F3,12100.0,Bag,5998.0
,,,S2,F3,,Box,6102.0
,,,S2,F1,8803.0,Bag,4053.0
,,,S2,F1,,Box,4750.0
,Coloring Agent29,,S5,F7,1794.0,Bag,1794.0
,,,S5,F7,,Box,0.0
,,,S5,F8,8105.0,Bag,3161.0
,,,S5,F8,,Box,4944.0
,,,S5,F9,3572.0,Bag,2088.0
,,,S5,F9,,Box,1484.0
,,,S5,F2,2223.0,Bag,2223.0
,,,S5,F2,,Box,0.0
,,,S5,F12,5498.0,Bag,3411.0
,,,S5,F12,,Box,2087.0
,,,S5,F11,,Bag,0.0
,,,S5,F11,,Box,0.0
,,,S5,F6,7011.0,Bag,2537.0
,,,S5,F6,,Box,4474.0
,,,S5,F4,3511.0,Bag,3511.0
,,,S5,F4,,Box,0.0
,,,S5,F10,1613.0,Bag,1613.0
,,,S5,F10,,Box,0.0
,,,S5,F5,5809.0,Bag,2811.0
,,,S5,F5,,Box,2998.0
,,,S5,F3,288.0,Bag,288.0
,,,S5,F3,,Box,0.0
,,,S5,F1,,Bag,3739.0
,,,S5,F1,,Box,0.0
,,,S4,F7,6146.0,Bag,4468.0
,,,S4,F7,,Box,1678.0
,,,S4,F8,3315.0,Bag,3315.0
,,,S4,F8,,Box,0.0
,,,S4,F9,,Bag,2705.0
,,,S4,F9,,Box,2835.0
,,,S4,F2,5954.0,Bag,3199.0
,,,S4,F2,,Box,2755.0
,,,S4,F12,11008.0,Bag,2641.0
,,,S4,F12,,Box,8367.0
,,,S4,F11,4897.0,Bag,2986.0
,,,S4,F11,,Box,1911.0
,,,S4,F6,10633.0,Bag,5889.0
,,,S4,F6,,Box,4744.0
,,,S4,F4,4954.0,Bag,3490.0
,,,S4,F4,,Box,1464.0
,,,S4,F10,4148.0,Bag,2484.0
,,,S4,F10,,Box,1664.0
,,,S4,F5,5362.0,Bag,3181.0
,,,S4,F5,,Box,2181.0
,,,S4,F3,3156.0,Bag,3156.0
,,,S4,F3,,Box,0.0
,,,S4,F1,6260.0,Bag,4498.0
,,,S4,F1,,Box,1762.0
,,,S3,F7,,Bag,2607.0
,,,S3,F7,,Box,2070.0
,,,S3,F8,5536.0,Bag,1713.0
,,,S3,F8,,Box,3823.0
,,,S3,F9,9187.0,Bag,2954.0
,,,S3,F9,,Box,6233.0
,,,S3,F2,5965.0,Bag,3811.0
,,,S3,F2,,Box,2154.0
,,,S3,F12,4395.0,Bag,1744.0
,,,S3,F12,,Box,2651.0
,,,S3,F11,6911.0,Bag,3126.0
,,,S3,F11,,Box,3785.0
,,,S3,F6,4177.0,Bag,4177.0
,,,S3,F6,,Box,0.0
,,,S3,F4,5097.0,Bag,2573.0
,,,S3,F4,,Box,2524.0
,,,S3,F10,6088.0,Bag,3148.0
,,,S3,F10,,Box,2940.0
,,,S3,F5,5925.0,Bag,3407.0
,,,S3,F5,,Box,2518.0
,,,S3,F3,1429.0,Bag,1429.0
,,,S3,F3,,Box,0.0
,,,S3,F1,3792.0,Bag,2512.0
,,,S3,F1,,Box,1280.0
,,,S1,F7,6186.0,Bag,1937.0
,,,S1,F7,,Box,4249.0
,,,S1,F8,,Bag,2684.0
,,,S1,F8,,Box,3856.0
,,,S1,F9,1872.0,Bag,1872.0
,,,S1,F9,,Box,0.0
,,,S1,F2,7213.0,Bag,4881.0
,,,S1,F2,,Box,2332.0
,,,S1,F12,,Bag,3366.0
,,,S1,F12,,Box,841.0
,,,S1,F11,3435.0,Bag,0.0
,,,S1,F11,,Box,3435.0
,,,S1,F6,5346.0,Bag,3040.0
,,,S1,F6,,Box,2306.0
,,,S1,F4,7212.0,Bag,4567.0
,,,S1,F4,,Box,2645.0
,,,S1,F10,6978.0,Bag,2803.0
,,,S1,F10,,Box,4175.0
,,,S1,F5,3227.0,Bag,0.0
,,,S1,F5,,Box,3227.0
,,,S1,F3,4433.0,Bag,2174.0
,,,S1,F3,,Box,2259.0
,,,S1,F1,6379.0,Bag,3167.0
,,,S1,F1,,Box,3212.0
,,,S2,F7,3532.0,Bag,1439.0
,,,S2,F7,,Box,2093.0
,,,S2,F8,7905.0,Bag,5726.0
,,,S2,F8,,Box,2179.0
,,,S2,F9,1476.0,Bag,1476.0
,,,S2,F9,,Box,0.0
,,,S2,F2,6245.0,Bag,4372.0
,,,S2,F2,,Box,1873.0
,,,S2,F12,4584.0,Bag,2994.0
,,,S2,F12,,Box,1590.0
,,,S2,F11,5279.0,Bag,2768.0
,,,S2,F11,,Box,2511.0
,,,S2,F6,6210.0,Bag,2619.0
,,,S2,F6,,Box,3591.0
,,,S2,F4,1815.0,Bag,1815.0
,,,S2,F4,,Box,0.0
,,,S2,F10,7024.0,Bag,2993.0
,,,S2,F10,,Box,4031.0
,,,S2,F5,5047.0,Bag,2141.0
,,,S2,F5,,Box,2906.0
,,,S2,F3,4376.0,Bag,1761.0
,,,S2,F3,,Box,2615.0
,,,S2,F1,5762.0,Bag,2368.0
,,,S2,F1,,Box,3394.0
,Coloring Agent31,299997.0,S5,F7,6400.0,Bag,5026.0
,,,S5,F7,,Box,1374.0
,,,S5,F8,6277.0,Bag,3670.0
,,,S5,F8,,Box,2607.0
,,,S5,F9,5758.0,Bag,3851.0
,,,S5,F9,,Box,1907.0
,,,S5,F2,7371.0,Bag,2324.0
,,,S5,F2,,Box,5047.0
,,,S5,F12,,Bag,2952.0
,,,S5,F12,,Box,2545.0
,,,S5,F11,4670.0,Bag,2478.0
,,,S5,F11,,Box,2192.0
,,,S5,F6,3480.0,Bag,3480.0
,,,S5,F6,,Box,0.0
,,,S5,F4,11529.0,Bag,9456.0
,,,S5,F4,,Box,2073.0
,,,S5,F10,4363.0,Bag,1621.0
,,,S5,F10,,Box,2742.0
,,,S5,F5,4676.0,Bag,3053.0
,,,S5,F5,,Box,1623.0
,,,S5,F3,3656.0,Bag,2677.0
,,,S5,F3,,Box,979.0
,,,S5,F1,3203.0,Bag,3203.0
,,,S5,F1,,Box,0.0
,,,S4,F7,2074.0,Bag,0.0
,,,S4,F7,,Box,2074.0
,,,S4,F8,5306.0,Bag,2592.0
,,,S4,F8,,Box,2714.0
,,,S4,F9,4131.0,Bag,2963.0
,,,S4,F9,,Box,1168.0
,,,S4,F2,6158.0,Bag,6158.0
,,,S4,F2,,Box,0.0
,,,S4,F12,4113.0,Bag,2391.0
,,,S4,F12,,Box,1722.0
,,,S4,F11,8202.0,Bag,4737.0
,,,S4,F11,,Box,3465.0
,,,S4,F6,5953.0,Bag,2556.0
,,,S4,F6,,Box,3397.0
,,,S4,F4,3116.0,Bag,3116.0
,,,S4,F4,,Box,0.0
,,,S4,F10,5926.0,Bag,2623.0
,,,S4,F10,,Box,3303.0
,,,S4,F5,4906.0,Bag,2243.0
,,,S4,F5,,Box,2663.0
,,,S4,F3,6553.0,Bag,4098.0
,,,S4,F3,,Box,2455.0
,,,S4,F1,3090.0,Bag,3090.0
,,,S4,F1,,Box,0.0
,,,S3,F7,2973.0,Bag,2973.0
,,,S3,F7,,Box,0.0
,,,S3,F8,8771.0,Bag,3830.0
,,,S3,F8,,Box,4941.0
,,,S3,F9,1958.0,Bag,1958.0
,,,S3,F9,,Box,0.0
,,,S3,F2,4911.0,Bag,2713.0
,,,S3,F2,,Box,2198.0
,,,S3,F12,4736.0,Bag,3358.0
,,,S3,F12,,Box,1378.0
,,,S3,F11,6626.0,Bag,3034.0
,,,S3,F11,,Box,3592.0
,,,S3,F6,6814.0,Bag,3494.0
,,,S3,F6,,Box,3320.0
,,,S3,F4,4908.0,Bag,3179.0
,,,S3,F4,,Box,1729.0
,,,S3,F10,5302.0,Bag,2394.0
,,,S3,F10,,Box,2908.0
,,,S3,F5,5626.0,Bag,3133.0
,,,S3,F5,,Box,2493.0
,,,S3,F3,6041.0,Bag,2595.0
,,,S3,F3,,Box,3446.0
,,,S3,F1,4091.0,Bag,4091.0
,,,S3,F1,,Box,0.0
,,,S1,F7,5716.0,Bag,2045.0
,,,S1,F7,,Box,3671.0
,,,S1,F8,4639.0,Bag,1893.0
,,,S1,F8,,Box,2746.0
,,,S1,F9,1548.0,Bag,1548.0
,,,S1,F9,,Box,0.0
,,,S1,F2,5856.0,Bag,1834.0
,,,S1,F2,,Box,4022.0
,,,S1,F12,6090.0,Bag,3764.0
,,,S1,F12,,Box,2326.0
,,,S1,F11,6687.0,Bag,3175.0
,,,S1,F11,,Box,3512.0
,,,S1,F6,8631.0,Bag,5568.0
,,,S1,F6,,Box,3063.0
,,,S1,F4,5819.0,Bag,3916.0
,,,S1,F4,,Box,1903.0
,,,S1,F10,7826.0,Bag,3848.0
,,,S1,F10,,Box,3978.0
,,,S1,F5,2327.0,Bag,0.0
,,,S1,F5,,Box,2327.0
,,,S1,F3,3555.0,Bag,3555.0
,,,S1,F3,,Box,0.0
,,,S1,F1,3876.0,Bag,863.0
,,,S1,F1,,Box,3013.0
,,,S2,F7,5896.0,Bag,2857.0
,,,S2,F7,,Box,3039.0
,,,S2,F8,2255.0,Bag,2255.0
,,,S2,F8,,Box,0.0
,,,S2,F9,2855.0,Bag,2855.0
,,,S2,F9,,Box,0.0
,,,S2,F2,4377.0,Bag,2276.0
,,,S2,F2,,Box,2101.0
,,,S2,F12,6223.0,Bag,2727.0
,,,S2,F12,,Box,3496.0
,,,S2,F11,2322.0,Bag,2322.0
,,,S2,F11,,Box,0.0
,,,S2,F6,4958.0,Bag,2273.0
,,,S2,F6,,Box,2685.0
,,,S2,F4,4227.0,Bag,847.0
,,,S2,F4,,Box,3380.0
,,,S2,F10,4337.0,Bag,2672.0
,,,S2,F10,,Box,1665.0
,,,S2,F5,5079.0,Bag,3384.0
,,,S2,F5,,Box,1695.0
,,,S2,F3,2036.0,Bag,2036.0
,,,S2,F3,,Box,0.0
,,,S2,F1,3697.0,Bag,2090.0
,,,S2,F1,,Box,1607.0
,Coloring Agent32,599996.0,S5,F7,13135.0,Bag,5852.0
,,,S5,F7,,Box,7283.0
,,,S5,F8,9931.0,Bag,4008.0
,,,S5,F8,,Box,5923.0
,,,S5,F9,7554.0,Bag,7554.0
,,,S5,F9,,Box,0.0
,,,S5,F2,15035.0,Bag,10649.0
,,,S5,F2,,Box,4386.0
,,,S5,F12,4428.0,Bag,4428.0
,,,S5,F12,,Box,0.0
,,,S5,F11,6027.0,Bag,6027.0
,,,S5,F11,,Box,0.0
,,,S5,F6,7551.0,Bag,7551.0
,,,S5,F6,,Box,0.0
,,,S5,F4,9030.0,Bag,6244.0
,,,S5,F4,,Box,2786.0
,,,S5,F10,,Bag,5039.0
,,,S5,F10,,Box,0.0
,,,S5,F5,7821.0,Bag,5290.0
,,,S5,F5,,Box,2531.0
,,,S5,F3,10056.0,Bag,4315.0
,,,S5,F3,,Box,5741.0
,,,S5,F1,7558.0,Bag,7558.0
,,,S5,F1,,Box,0.0
,,,S4,F7,12581.0,Bag,9059.0
,,,S4,F7,,Box,3522.0
,,,S4,F8,,Bag,0.0
,,,S4,F8,,Box,0.0
,,,S4,F9,4523.0,Bag,4523.0
,,,S4,F9,,Box,0.0
,,,S4,F2,15380.0,Bag,4966.0
,,,S4,F2,,Box,10414.0
,,,S4,F12,7626.0,Bag,3210.0
,,,S4,F12,,Box,4416.0
,,,S4,F11,9669.0,Bag,4586.0
,,,S4,F11,,Box,5083.0
,,,S4,F6,7033.0,Bag,5138.0
,,,S4,F6,,Box,1895.0
,,,S4,F4,12950.0,Bag,5847.0
,,,S4,F4,,Box,7103.0
,,,S4,F10,7434.0,Bag,3818.0
,,,S4,F10,,Box,3616.0
,,,S4,F5,8234.0,Bag,4153.0
,,,S4,F5,,Box,4081.0
,,,S4,F3,20702.0,Bag,7725.0
,,,S4,F3,,Box,12977.0
,,,S4,F1,4306.0,Bag,4306.0
,,,S4,F1,,Box,0.0
,,,S3,F7,14060.0,Bag,7590.0
,,,S3,F7,,Box,6470.0
,,,S3,F8,5316.0,Bag,5316.0
,,,S3,F8,,Box,0.0
,,,S3,F9,8244.0,Bag,5201.0
,,,S3,F9,,Box,3043.0
,,,S3,F2,11381.0,Bag,5636.0
,,,S3,F2,,Box,5745.0
,,,S3,F12,10310.0,Bag,2767.0
,,,S3,F12,,Box,7543.0
,,,S3,F11,5839.0,Bag,5839.0
,,,S3,F11,,Box,0.0
,,,S3,F6,5756.0,Bag,5756.0
,,,S3,F6,,Box,0.0
,,,S3,F4,18565.0,Bag,11554.0
,,,S3,F4,,Box,7011.0
,,,S3,F10,4425.0,Bag,4425.0
,,,S3,F10,,Box,0.0
,,,S3,F5,11047.0,Bag,4925.0
,,,S3,F5,,Box,6122.0
,,,S3,F3,13997.0,Bag,5508.0
,,,S3,F3,,Box,8489.0
,,,S3,F1,13891.0,Bag,5434.0
,,,S3,F1,,Box,8457.0
,,,S1,F7,12376.0,Bag,5899.0
,,,S1,F7,,Box,6477.0
,,,S1,F8,9028.0,Bag,9028.0
,,,S1,F8,,Box,0.0
,,,S1,F9,10579.0,Bag,4000.0
,,,S1,F9,,Box,6579.0
,,,S1,F2,,Bag,7225.0
,,,S1,F2,,Box,9254.0
,,,S1,F12,5842.0,Bag,5842.0
,,,S1,F12,,Box,0.0
,,,S1,F11,10349.0,Bag,4264.0
,,,S1,F11,,Box,6085.0
,,,S1,F6,11602.0,Bag,4711.0
,,,S1,F6,,Box,6891.0
,,,S1,F4,4991.0,Bag,4991.0
,,,S1,F4,,Box,0.0
,,,S1,F10,10326.0,Bag,0.0
,,,S1,F10,,Box,10326.0
,,,S1,F5,12919.0,Bag,4989.0
,,,S1,F5,,Box,7930.0
,,,S1,F3,4334.0,Bag,4334.0
,,,S1,F3,,Box,0.0
,,,S1,F1,18081.0,Bag,5693.0
,,,S1,F1,,Box,12388.0
,,,S2,F7,8482.0,Bag,3348.0
,,,S2,F7,,Box,5134.0
,,,S2,F8,10025.0,Bag,7083.0
,,,S2,F8,,Box,2942.0
,,,S2,F9,7165.0,Bag,7165.0
,,,S2,F9,,Box,0.0
,,,S2,F2,4989.0,Bag,0.0
,,,S2,F2,,Box,4989.0
,,,S2,F12,13794.0,Bag,5487.0
,,,S2,F12,,Box,8307.0
,,,S2,F11,17902.0,Bag,7245.0
,,,S2,F11,,Box,10657.0
,,,S2,F6,4004.0,Bag,4004.0
,,,S2,F6,,Box,0.0
,,,S2,F4,19678.0,Bag,13673.0
,,,S2,F4,,Box,6005.0
,,,S2,F10,13989.0,Bag,9516.0
,,,S2,F10,,Box,4473.0
,,,S2,F5,8487.0,Bag,2997.0
,,,S2,F5,,Box,5490.0
,,,S2,F3,17193.0,Bag,3730.0
,,,S2,F3,,Box,13463.0
,,,S2,F1,10948.0,Bag,10948.0
,,,S2,F1,,Box,0.0
,Coloring Agent33,300000.0,S5,F7,4123.0,Bag,2433.0
,,,S5,F7,,Box,1690.0
,,,S5,F8,3473.0,Bag,0.0
,,,S5,F8,,Box,3473.0
,,,S5,F9,9071.0,Bag,3885.0
,,,S5,F9,,Box,5186.0
,,,S5,F2,4594.0,Bag,4594.0
,,,S5,F2,,Box,0.0
,,,S5,F12,2262.0,Bag,2262.0
,,,S5,F12,,Box,0.0
,,,S5,F11,3017.0,Bag,3017.0
,,,S5,F11,,Box,0.0
,,,S5,F6,2709.0,Bag,2709.0
,,,S5,F6,,Box,0.0
,,,S5,F4,6983.0,Bag,4482.0
,,,S5,F4,,Box,2501.0
,,,S5,F10,3041.0,Bag,3041.0
,,,S5,F10,,Box,0.0
,,,S5,F5,2597.0,Bag,2597.0
,,,S5,F5,,Box,0.0
,,,S5,F3,5838.0,Bag,3926.0
,,,S5,F3,,Box,1912.0
,,,S5,F1,10088.0,Bag,4979.0
,,,S5,F1,,Box,5109.0
,,,S4,F7,,Bag,4131.0
,,,S4,F7,,Box,0.0
,,,S4,F8,3025.0,Bag,0.0
,,,S4,F8,,Box,3025.0
,,,S4,F9,4449.0,Bag,2937.0
,,,S4,F9,,Box,1512.0
,,,S4,F2,5772.0,Bag,3260.0
,,,S4,F2,,Box,2512.0
,,,S4,F12,2280.0,Bag,2280.0
,,,S4,F12,,Box,0.0
,,,S4,F11,2790.0,Bag,2790.0
,,,S4,F11,,Box,0.0
,,,S4,F6,4722.0,Bag,4722.0
,,,S4,F6,,Box,0.0
,,,S4,F4,8772.0,Bag,4121.0
,,,S4,F4,,Box,4651.0
,,,S4,F10,4293.0,Bag,2379.0
,,,S4,F10,,Box,1914.0
,,,S4,F5,3228.0,Bag,3228.0
,,,S4,F5,,Box,0.0
,,,S4,F3,6351.0,Bag,3496.0
,,,S4,F3,,Box,2855.0
,,,S4,F1,6067.0,Bag,2895.0
,,,S4,F1,,Box,3172.0
,,,S3,F7,6045.0,Bag,2749.0
,,,S3,F7,,Box,3296.0
,,,S3,F8,5933.0,Bag,3375.0
,,,S3,F8,,Box,2558.0
,,,S3,F9,7107.0,Bag,1378.0
,,,S3,F9,,Box,5729.0
,,,S3,F2,3438.0,Bag,1975.0
,,,S3,F2,,Box,1463.0
,,,S3,F12,7288.0,Bag,2391.0
,,,S3,F12,,Box,4897.0
,,,S3,F11,4375.0,Bag,1954.0
,,,S3,F11,,Box,2421.0
,,,S3,F6,5672.0,Bag,3258.0
,,,S3,F6,,Box,2414.0
,,,S3,F4,928.0,Bag,928.0
,,,S3,F4,,Box,0.0
,,,S3,F10,3044.0,Bag,3044.0
,,,S3,F10,,Box,0.0
,,,S3,F5,5538.0,Bag,3714.0
,,,S3,F5,,Box,1824.0
,,,S3,F3,6013.0,Bag,3036.0
,,,S3,F3,,Box,2977.0
,,,S3,F1,4835.0,Bag,2334.0
,,,S3,F1,,Box,2501.0
,,,S1,F7,6631.0,Bag,4038.0
,,,S1,F7,,Box,2593.0
,,,S1,F8,11712.0,Bag,4363.0
,,,S1,F8,,Box,7349.0
,,,S1,F9,2936.0,Bag,2936.0
,,,S1,F9,,Box,0.0
,,,S1,F2,6226.0,Bag,3280.0
,,,S1,F2,,Box,2946.0
,,,S1,F12,2245.0,Bag,0.0
,,,S1,F12,,Box,2245.0
,,,S1,F11,,Bag,3586.0
,,,S1,F11,,Box,2937.0
,,,S1,F6,6704.0,Bag,3659.0
,,,S1,F6,,Box,3045.0
,,,S1,F4,9079.0,Bag,2234.0
,,,S1,F4,,Box,6845.0
,,,S1,F10,6036.0,Bag,3363.0
,,,S1,F10,,Box,2673.0
,,,S1,F5,,Bag,3419.0
,,,S1,F5,,Box,1457.0
,,,S1,F3,2868.0,Bag,2868.0
,,,S1,F3,,Box,0.0
,,,S1,F1,5465.0,Bag,2736.0
,,,S1,F1,,Box,2729.0
,,,S2,F7,3173.0,Bag,2001.0
,,,S2,F7,,Box,1172.0
,,,S2,F8,5127.0,Bag,2030.0
,,,S2,F8,,Box,3097.0
,,,S2,F9,2874.0,Bag,671.0
,,,S2,F9,,Box,2203.0
,,,S2,F2,8944.0,Bag,4095.0
,,,S2,F2,,Box,4849.0
,,,S2,F12,1773.0,Bag,0.0
,,,S2,F12,,Box,1773.0
,,,S2,F11,9145.0,Bag,4411.0
,,,S2,F11,,Box,4734.0
,,,S2,F6,1797.0,Bag,1797.0
,,,S2,F6,,Box,0.0
,,,S2,F4,7025.0,Bag,5342.0
,,,S2,F4,,Box,1683.0
,,,S2,F10,5927.0,Bag,3558.0
,,,S2,F10,,Box,2369.0
,,,S2,F5,,Bag,0.0
,,,S2,F5,,Box,0.0
,,,S2,F3,3805.0,Bag,794.0
,,,S2,F3,,Box,3011.0
,,,S2,F1,5217.0,Bag,2529.0
,,,S2,F1,,Box,2688.0
,Coloring Agent35,,S5,F7,14595.0,Bag,6263.0
,,,S5,F7,,Box,8332.0
,,,S5,F8,10133.0,Bag,2327.0
,,,S5,F8,,Box,7806.0
,,,S5,F9,18616.0,Bag,14310.0
,,,S5,F9,,Box,4306.0
,,,S5,F2,10093.0,Bag,5687.0
,,,S5,F2,,Box,4406.0
,,,S5,F12,10302.0,Bag,5906.0
,,,S5,F12,,Box,4396.0
,,,S5,F11,9683.0,Bag,6736.0
,,,S5,F11,,Box,2947.0
,,,S5,F6,14113.0,Bag,4898.0
,,,S5,F6,,Box,9215.0
,,,S5,F4,16735.0,Bag,4313.0
,,,S5,F4,,Box,12422.0
,,,S5,F10,11764.0,Bag,5985.0
,,,S5,F10,,Box,5779.0
,,,S5,F5,12023.0,Bag,2799.0
,,,S5,F5,,Box,9224.0
,,,S5,F3,14602.0,Bag,8972.0
,,,S5,F3,,Box,5630.0
,,,S5,F1,12775.0,Bag,7610.0
,,,S5,F1,,Box,5165.0
,,,S4,F7,13692.0,Bag,6784.0
,,,S4,F7,,Box,6908.0
,,,S4,F8,,Bag,4866.0
,,,S4,F8,,Box,5595.0
,,,S4,F9,12618.0,Bag,8648.0
,,,S4,F9,,Box,3970.0
,,,S4,F2,21392.0,Bag,3928.0
,,,S4,F2,,Box,17464.0
,,,S4,F12,10412.0,Bag,4814.0
,,,S4,F12,,Box,5598.0
,,,S4,F11,10849.0,Bag,5192.0
,,,S4,F11,,Box,5657.0
,,,S4,F6,,Bag,3749.0
,,,S4,F6,,Box,0.0
,,,S4,F4,24339.0,Bag,14734.0
,,,S4,F4,,Box,9605.0
,,,S4,F10,5862.0,Bag,5862.0
,,,S4,F10,,Box,0.0
,,,S4,F5,7283.0,Bag,3582.0
,,,S4,F5,,Box,3701.0
,,,S4,F3,13588.0,Bag,6781.0
,,,S4,F3,,Box,6807.0
,,,S4,F1,6010.0,Bag,2679.0
,,,S4,F1,,Box,3331.0
,,,S3,F7,10085.0,Bag,6462.0
,,,S3,F7,,Box,3623.0
,,,S3,F8,11723.0,Bag,5669.0
,,,S3,F8,,Box,6054.0
,,,S3,F9,6988.0,Bag,6988.0
,,,S3,F9,,Box,0.0
,,,S3,F2,4713.0,Bag,4713.0
,,,S3,F2,,Box,0.0
,,,S3,F12,6436.0,Bag,3698.0
,,,S3,F12,,Box,2738.0
,,,S3,F11,10341.0,Bag,3993.0
,,,S3,F11,,Box,6348.0
,,,S3,F6,12327.0,Bag,7542.0
,,,S3,F6,,Box,4785.0
,,,S3,F4,7717.0,Bag,3931.0
,,,S3,F4,,Box,3786.0
,,,S3,F10,12741.0,Bag,6339.0
,,,S3,F10,,Box,6402.0
,,,S3,F5,9337.0,Bag,6501.0
,,,S3,F5,,Box,2836.0
,,,S3,F3,15284.0,Bag,5365.0
,,,S3,F3,,Box,9919.0
,,,S3,F1,9984.0,Bag,4451.0
,,,S3,F1,,Box,5533.0
,,,S1,F7,3925.0,Bag,3925.0
,,,S1,F7,,Box,0.0
,,,S1,F8,8195.0,Bag,3608.0
,,,S1,F8,,Box,4587.0
,,,S1,F9,8735.0,Bag,5693.0
,,,S1,F9,,Box,3042.0
,,,S1,F2,,Bag,0.0
,,,S1,F2,,Box,3708.0
,,,S1,F12,23311.0,Bag,12215.0
,,,S1,F12,,Box,11096.0
,,,S1,F11,5126.0,Bag,0.0
,,,S1,F11,,Box,5126.0
,,,S1,F6,,Bag,3116.0
,,,S1,F6,,Box,0.0
,,,S1,F4,8102.0,Bag,4755.0
,,,S1,F4,,Box,3347.0
,,,S1,F10,11813.0,Bag,4850.0
,,,S1,F10,,Box,6963.0
,,,S1,F5,5209.0,Bag,5209.0
,,,S1,F5,,Box,0.0
,,,S1,F3,,Bag,5716.0
,,,S1,F3,,Box,0.0
,,,S1,F1,11387.0,Bag,6551.0
,,,S1,F1,,Box,4836.0
,,,S2,F7,4560.0,Bag,4560.0
,,,S2,F7,,Box,0.0
,,,S2,F8,4967.0,Bag,4967.0
,,,S2,F8,,Box,0.0
,,,S2,F9,8215.0,Bag,8215.0
,,,S2,F9,,Box,0.0
,,,S2,F2,3659.0,Bag,3659.0
,,,S2,F2,,Box,0.0
,,,S2,F12,5593.0,Bag,5593.0
,,,S2,F12,,Box,0.0
,,,S2,F11,4023.0,Bag,4023.0
,,,S2,F11,,Box,0.0
,,,S2,F6,8644.0,Bag,8644.0
,,,S2,F6,,Box,0.0
,,,S2,F4,15601.0,Bag,9854.0
,,,S2,F4,,Box,5747.0
,,,S2,F10,7299.0,Bag,944.0
,,,S2,F10,,Box,6355.0
,,,S2,F5,5452.0,Bag,2332.0
,,,S2,F5,,Box,3120.0
,,,S2,F3,9420.0,Bag,6199.0
,,,S2,F3,,Box,3221.0
,,,S2,F1,10855.0,Bag,5474.0
,,,S2,F1,,Box,5381.0
,Coloring Agent36,388002.0,S5,F7,7692.0,Bag,4237.0
,,,S5,F7,,Box,3455.0
,,,S5,F8,1643.0,Bag,1643.0
,,,S5,F8,,Box,0.0
,,,S5,F9,,Bag,4425.0
,,,S5,F9,,Box,0.0
,,,S5,F2,9783.0,Bag,3828.0
,,,S5,F2,,Box,5955.0
,,,S5,F12,8857.0,Bag,3157.0
,,,S5,F12,,Box,5700.0
,,,S5,F11,6415.0,Bag,3149.0
,,,S5,F11,,Box,3266.0
,,,S5,F6,,Bag,1073.0
,,,S5,F6,,Box,1900.0
,,,S5,F4,7343.0,Bag,2369.0
,,,S5,F4,,Box,4974.0
,,,S5,F10,7718.0,Bag,2585.0
,,,S5,F10,,Box,5133.0
,,,S5,F5,2317.0,Bag,2317.0
,,,S5,F5,,Box,0.0
,,,S5,F3,9574.0,Bag,4062.0
,,,S5,F3,,Box,5512.0
,,,S5,F1,2884.0,Bag,2884.0
,,,S5,F1,,Box,0.0
,,,S4,F7,8153.0,Bag,3792.0
,,,S4,F7,,Box,4361.0
,,,S4,F8,5767.0,Bag,5767.0
,,,S4,F8,,Box,0.0
,,,S4,F9,3968.0,Bag,3968.0
,,,S4,F9,,Box,0.0
,,,S4,F2,1957.0,Bag,1957.0
,,,S4,F2,,Box,0.0
,,,S4,F12,7211.0,Bag,2634.0
,,,S4,F12,,Box,4577.0
,,,S4,F11,3138.0,Bag,3138.0
,,,S4,F11,,Box,0.0
,,,S4,F6,10751.0,Bag,5967.0
,,,S4,F6,,Box,4784.0
,,,S4,F4,9217.0,Bag,4897.0
,,,S4,F4,,Box,4320.0
,,,S4,F10,4782.0,Bag,1672.0
,,,S4,F10,,Box,3110.0
,,,S4,F5,10816.0,Bag,5900.0
,,,S4,F5,,Box,4916.0
,,,S4,F3,4048.0,Bag,4048.0
,,,S4,F3,,Box,0.0
,,,S4,F1,5806.0,Bag,3790.0
,,,S4,F1,,Box,2016.0
,,,S3,F7,,Bag,3637.0
,,,S3,F7,,Box,2273.0
,,,S3,F8,9880.0,Bag,6248.0
,,,S3,F8,,Box,3632.0
,,,S3,F9,7082.0,Bag,3650.0
,,,S3,F9,,Box,3432.0
,,,S3,F2,6681.0,Bag,3804.0
,,,S3,F2,,Box,2877.0
,,,S3,F12,4234.0,Bag,4234.0
,,,S3,F12,,Box,0.0
,,,S3,F11,5422.0,Bag,5422.0
,,,S3,F11,,Box,0.0
,,,S3,F6,6513.0,Bag,4127.0
,,,S3,F6,,Box,2386.0
,,,S3,F4,4645.0,Bag,2519.0
,,,S3,F4,,Box,2126.0
,,,S3,F10,11198.0,Bag,5709.0
,,,S3,F10,,Box,5489.0
,,,S3,F5,7798.0,Bag,6190.0
,,,S3,F5,,Box,1608.0
,,,S3,F3,10520.0,Bag,4417.0
,,,S3,F3,,Box,6103.0
,,,S3,F1,,Bag,2543.0
,,,S3,F1,,Box,2415.0
,,,S1,F7,3139.0,Bag,3139.0
,,,S1,F7,,Box,0.0
,,,S1,F8,11248.0,Bag,8833.0
,,,S1,F8,,Box,2415.0
,,,S1,F9,,Bag,3856.0
,,,S1,F9,,Box,0.0
,,,S1,F2,473.0,Bag,473.0
,,,S1,F2,,Box,0.0
,,,S1,F12,7669.0,Bag,4126.0
,,,S1,F12,,Box,3543.0
,,,S1,F11,5110.0,Bag,5110.0
,,,S1,F11,,Box,0.0
,,,S1,F6,1772.0,Bag,1772.0
,,,S1,F6,,Box,0.0
,,,S1,F4,3472.0,Bag,3472.0
,,,S1,F4,,Box,0.0
,,,S1,F10,8546.0,Bag,3674.0
,,,S1,F10,,Box,4872.0
,,,S1,F5,5374.0,Bag,3204.0
,,,S1,F5,,Box,2170.0
,,,S1,F3,2654.0,Bag,422.0
,,,S1,F3,,Box,2232.0
,,,S1,F1,11492.0,Bag,4964.0
,,,S1,F1,,Box,6528.0
,,,S2,F7,7008.0,Bag,2794.0
,,,S2,F7,,Box,4214.0
,,,S2,F8,4152.0,Bag,4152.0
,,,S2,F8,,Box,0.0
,,,S2,F9,6770.0,Bag,3966.0
,,,S2,F9,,Box,2804.0
,,,S2,F2,9306.0,Bag,6761.0
,,,S2,F2,,Box,2545.0
,,,S2,F12,5916.0,Bag,1380.0
,,,S2,F12,,Box,4536.0
,,,S2,F11,9000.0,Bag,4122.0
,,,S2,F11,,Box,4878.0
,,,S2,F6,6257.0,Bag,3900.0
,,,S2,F6,,Box,2357.0
,,,S2,F4,7649.0,Bag,3642.0
,,,S2,F4,,Box,4007.0
,,,S2,F10,14231.0,Bag,8882.0
,,,S2,F10,,Box,5349.0
,,,S2,F5,8818.0,Bag,4667.0
,,,S2,F5,,Box,4151.0
,,,S2,F3,5844.0,Bag,1864.0
,,,S2,F3,,Box,3980.0
,,,S2,F1,6167.0,Bag,4714.0
,,,S2,F1,,Box,1453.0
,Coloring Agent37,263599.0,S5,F7,2959.0,Bag,2002.0
,,,S5,F7,,Box,957.0
,,,S5,F8,4326.0,Bag,1191.0
,,,S5,F8,,Box,3135.0
,,,S5,F9,,Bag,3839.0
,,,S5,F9,,Box,2251.0
,,,S5,F2,2459.0,Bag,0.0
,,,S5,F2,,Box,2459.0
,,,S5,F12,6898.0,Bag,3704.0
,,,S5,F12,,Box,3194.0
,,,S5,F11,1541.0,Bag,124.0
,,,S5,F11,,Box,1417.0
,,,S5,F6,4452.0,Bag,1089.0
,,,S5,F6,,Box,3363.0
,,,S5,F4,5055.0,Bag,2688.0
,,,S5,F4,,Box,2367.0
,,,S5,F10,,Bag,4266.0
,,,S5,F10,,Box,1489.0
,,,S5,F5,8716.0,Bag,3295.0
,,,S5,F5,,Box,5421.0
,,,S5,F3,3461.0,Bag,1625.0
,,,S5,F3,,Box,1836.0
,,,S5,F1,4368.0,Bag,2092.0
,,,S5,F1,,Box,2276.0
,,,S4,F7,5078.0,Bag,3222.0
,,,S4,F7,,Box,1856.0
,,,S4,F8,5340.0,Bag,2674.0
,,,S4,F8,,Box,2666.0
,,,S4,F9,2145.0,Bag,0.0
,,,S4,F9,,Box,2145.0
,,,S4,F2,5641.0,Bag,2550.0
,,,S4,F2,,Box,3091.0
,,,S4,F12,3341.0,Bag,1182.0
,,,S4,F12,,Box,2159.0
,,,S4,F11,4602.0,Bag,2307.0
,,,S4,F11,,Box,2295.0
,,,S4,F6,2602.0,Bag,2602.0
,,,S4,F6,,Box,0.0
,,,S4,F4,3506.0,Bag,1514.0
,,,S4,F4,,Box,1992.0
,,,S4,F10,6736.0,Bag,3853.0
,,,S4,F10,,Box,2883.0
,,,S4,F5,2529.0,Bag,0.0
,,,S4,F5,,Box,2529.0
,,,S4,F3,4968.0,Bag,4968.0
,,,S4,F3,,Box,0.0
,,,S4,F1,3962.0,Bag,2096.0
,,,S4,F1,,Box,1866.0
,,,S3,F7,,Bag,3659.0
,,,S3,F7,,Box,0.0
,,,S3,F8,6552.0,Bag,1963.0
,,,S3,F8,,Box,4589.0
,,,S3,F9,,Bag,0.0
,,,S3,F9,,Box,3572.0
,,,S3,F2,,Bag,2521.0
,,,S3,F2,,Box,2201.0
,,,S3,F12,4269.0,Bag,1383.0
,,,S3,F12,,Box,2886.0
,,,S3,F11,3005.0,Bag,1550.0
,,,S3,F11,,Box,1455.0
,,,S3,F6,4384.0,Bag,1734.0
,,,S3,F6,,Box,2650.0
,,,S3,F4,6096.0,Bag,3570.0
,,,S3,F4,,Box,2526.0
,,,S3,F10,4365.0,Bag,1821.0
,,,S3,F10,,Box,2544.0
,,,S3,F5,2575.0,Bag,2575.0
,,,S3,F5,,Box,0.0
,,,S3,F3,6650.0,Bag,2775.0
,,,S3,F3,,Box,3875.0
,,,S3,F1,5071.0,Bag,2751.0
,,,S3,F1,,Box,2320.0
,,,S1,F7,4638.0,Bag,2219.0
,,,S1,F7,,Box,2419.0
,,,S1,F8,4714.0,Bag,4714.0
,,,S1,F8,,Box,0.0
,,,S1,F9,,Bag,1724.0
,,,S1,F9,,Box,2644.0
,,,S1,F2,3045.0,Bag,1407.0
,,,S1,F2,,Box,1638.0
,,,S1,F12,2957.0,Bag,2957.0
,,,S1,F12,,Box,0.0
,,,S1,F11,4316.0,Bag,1845.0
,,,S1,F11,,Box,2471.0
,,,S1,F6,1411.0,Bag,0.0
,,,S1,F6,,Box,1411.0
,,,S1,F4,,Bag,1978.0
,,,S1,F4,,Box,2355.0
,,,S1,F10,1399.0,Bag,1399.0
,,,S1,F10,,Box,0.0
,,,S1,F5,,Bag,2147.0
,,,S1,F5,,Box,2182.0
,,,S1,F3,6208.0,Bag,3333.0
,,,S1,F3,,Box,2875.0
,,,S1,F1,6188.0,Bag,3472.0
,,,S1,F1,,Box,2716.0
,,,S2,F7,5587.0,Bag,3374.0
,,,S2,F7,,Box,2213.0
,,,S2,F8,1458.0,Bag,1458.0
,,,S2,F8,,Box,0.0
,,,S2,F9,4221.0,Bag,1643.0
,,,S2,F9,,Box,2578.0
,,,S2,F2,747.0,Bag,747.0
,,,S2,F2,,Box,0.0
,,,S2,F12,2501.0,Bag,1890.0
,,,S2,F12,,Box,611.0
,,,S2,F11,6398.0,Bag,2703.0
,,,S2,F11,,Box,3695.0
,,,S2,F6,7939.0,Bag,4227.0
,,,S2,F6,,Box,3712.0
,,,S2,F4,4941.0,Bag,2022.0
,,,S2,F4,,Box,2919.0
,,,S2,F10,,Bag,2890.0
,,,S2,F10,,Box,2549.0
,,,S2,F5,2563.0,Bag,2563.0
,,,S2,F5,,Box,0.0
,,,S2,F3,7914.0,Bag,4013.0
,,,S2,F3,,Box,3901.0
,,,S2,F1,4535.0,Bag,1802.0
,,,S2,F1,,Box,2733.0
,Coloring Agent38,,S5,F7,4564.0,Bag,2868.0
,,,S5,F7,,Box,1696.0
,,,S5,F8,8005.0,Bag,6387.0
,,,S5,F8,,Box,1618.0
,,,S5,F9,3705.0,Bag,1666.0
,,,S5,F9,,Box,2039.0
,,,S5,F2,,Bag,1590.0
,,,S5,F2,,Box,2726.0
,,,S5,F12,3119.0,Bag,1268.0
,,,S5,F12,,Box,1851.0
,,,S5,F11,4950.0,Bag,1080.0
,,,S5,F11,,Box,3870.0
,,,S5,F6,9014.0,Bag,4688.0
,,,S5,F6,,Box,4326.0
,,,S5,F4,,Bag,2821.0
,,,S5,F4,,Box,3405.0
,,,S5,F10,5153.0,Bag,2074.0
,,,S5,F10,,Box,3079.0
,,,S5,F5,,Bag,2844.0
,,,S5,F5,,Box,3089.0
,,,S5,F3,9242.0,Bag,3412.0
,,,S5,F3,,Box,5830.0
,,,S5,F1,5863.0,Bag,2887.0
,,,S5,F1,,Box,2976.0
,,,S4,F7,3974.0,Bag,2080.0
,,,S4,F7,,Box,1894.0
,,,S4,F8,,Bag,3432.0
,,,S4,F8,,Box,2388.0
,,,S4,F9,5342.0,Bag,3359.0
,,,S4,F9,,Box,1983.0
,,,S4,F2,1305.0,Bag,1305.0
,,,S4,F2,,Box,0.0
,,,S4,F12,,Bag,2524.0
,,,S4,F12,,Box,2078.0
,,,S4,F11,,Bag,3745.0
,,,S4,F11,,Box,2291.0
,,,S4,F6,,Bag,5182.0
,,,S4,F6,,Box,0.0
,,,S4,F4,3955.0,Bag,1705.0
,,,S4,F4,,Box,2250.0
,,,S4,F10,6551.0,Bag,2844.0
,,,S4,F10,,Box,3707.0
,,,S4,F5,7450.0,Bag,3853.0
,,,S4,F5,,Box,3597.0
,,,S4,F3,6147.0,Bag,2521.0
,,,S4,F3,,Box,3626.0
,,,S4,F1,3519.0,Bag,0.0
,,,S4,F1,,Box,3519.0
,,,S3,F7,6384.0,Bag,2337.0
,,,S3,F7,,Box,4047.0
,,,S3,F8,4802.0,Bag,4802.0
,,,S3,F8,,Box,0.0
,,,S3,F9,6219.0,Bag,3859.0
,,,S3,F9,,Box,2360.0
,,,S3,F2,3872.0,Bag,3872.0
,,,S3,F2,,Box,0.0
,,,S3,F12,2021.0,Bag,2021.0
,,,S3,F12,,Box,0.0
,,,S3,F11,5625.0,Bag,5625.0
,,,S3,F11,,Box,0.0
,,,S3,F6,4230.0,Bag,1794.0
,,,S3,F6,,Box,2436.0
,,,S3,F4,2964.0,Bag,0.0
,,,S3,F4,,Box,2964.0
,,,S3,F10,3653.0,Bag,1786.0
,,,S3,F10,,Box,1867.0
,,,S3,F5,5347.0,Bag,3155.0
,,,S3,F5,,Box,2192.0
,,,S3,F3,4074.0,Bag,1263.0
,,,S3,F3,,Box,2811.0
,,,S3,F1,,Bag,3347.0
,,,S3,F1,,Box,0.0
,,,S1,F7,5960.0,Bag,2908.0
,,,S1,F7,,Box,3052.0
,,,S1,F8,1866.0,Bag,1866.0
,,,S1,F8,,Box,0.0
,,,S1,F9,2555.0,Bag,2555.0
,,,S1,F9,,Box,0.0
,,,S1,F2,3605.0,Bag,3605.0
,,,S1,F2,,Box,0.0
,,,S1,F12,6563.0,Bag,3908.0
,,,S1,F12,,Box,2655.0
,,,S1,F11,5859.0,Bag,2340.0
,,,S1,F11,,Box,3519.0
,,,S1,F6,7313.0,Bag,4893.0
,,,S1,F6,,Box,2420.0
,,,S1,F4,5837.0,Bag,1769.0
,,,S1,F4,,Box,4068.0
,,,S1,F10,2427.0,Bag,2427.0
,,,S1,F10,,Box,0.0
,,,S1,F5,,Bag,2317.0
,,,S1,F5,,Box,0.0
,,,S1,F3,4587.0,Bag,2066.0
,,,S1,F3,,Box,2521.0
,,,S1,F1,4265.0,Bag,1981.0
,,,S1,F1,,Box,2284.0
,,,S2,F7,6537.0,Bag,4016.0
,,,S2,F7,,Box,2521.0
,,,S2,F8,4242.0,Bag,2139.0
,,,S2,F8,,Box,2103.0
,,,S2,F9,,Bag,2215.0
,,,S2,F9,,Box,4069.0
,,,S2,F2,8366.0,Bag,2416.0
,,,S2,F2,,Box,5950.0
,,,S2,F12,4444.0,Bag,4444.0
,,,S2,F12,,Box,0.0
,,,S2,F11,4538.0,Bag,2212.0
,,,S2,F11,,Box,2326.0
,,,S2,F6,5947.0,Bag,3479.0
,,,S2,F6,,Box,2468.0
,,,S2,F4,2373.0,Bag,2373.0
,,,S2,F4,,Box,0.0
,,,S2,F10,5973.0,Bag,1813.0
,,,S2,F10,,Box,4160.0
,,,S2,F5,4606.0,Bag,2793.0
,,,S2,F5,,Box,1813.0
,,,S2,F3,4811.0,Bag,1072.0
,,,S2,F3,,Box,3739.0
,,,S2,F1,,Bag,1585.0
,,,S2,F1,,Box,4631.0
,Coloring Agent40,900003.0,S5,F7,3581.0,Bag,0.0
,,,S5,F7,,Box,3581.0
,,,S5,F8,15383.0,Bag,6462.0
,,,S5,F8,,Box,8921.0
,,,S5,F9,15532.0,Bag,9404.0
,,,S5,F9,,Box,6128.0
,,,S5,F2,24440.0,Bag,10402.0
,,,S5,F2,,Box,14038.0
,,,S5,F12,22797.0,Bag,7832.0
,,,S5,F12,,Box,14965.0
,,,S5,F11,10247.0,Bag,10247.0
,,,S5,F11,,Box,0.0
,,,S5,F6,12035.0,Bag,5281.0
,,,S5,F6,,Box,6754.0
,,,S5,F4,13699.0,Bag,8634.0
,,,S5,F4,,Box,5065.0
,,,S5,F10,10590.0,Bag,4685.0
,,,S5,F10,,Box,5905.0
,,,S5,F5,19511.0,Bag,11276.0
,,,S5,F5,,Box,8235.0
,,,S5,F3,8441.0,Bag,5138.0
,,,S5,F3,,Box,3303.0
,,,S5,F1,14046.0,Bag,6280.0
,,,S5,F1,,Box,7766.0
,,,S4,F7,15764.0,Bag,8835.0
,,,S4,F7,,Box,6929.0
,,,S4,F8,19402.0,Bag,8019.0
,,,S4,F8,,Box,11383.0
,,,S4,F9,13592.0,Bag,7480.0
,,,S4,F9,,Box,6112.0
,,,S4,F2,15853.0,Bag,4267.0
,,,S4,F2,,Box,11586.0
,,,S4,F12,10211.0,Bag,0.0
,,,S4,F12,,Box,10211.0
,,,S4,F11,11853.0,Bag,11853.0
,,,S4,F11,,Box,0.0
,,,S4,F6,11129.0,Bag,11129.0
,,,S4,F6,,Box,0.0
,,,S4,F4,21706.0,Bag,8699.0
,,,S4,F4,,Box,13007.0
,,,S4,F10,,Bag,0.0
,,,S4,F10,,Box,0.0
,,,S4,F5,16943.0,Bag,7877.0
,,,S4,F5,,Box,9066.0
,,,S4,F3,17854.0,Bag,5079.0
,,,S4,F3,,Box,12775.0
,,,S4,F1,17108.0,Bag,13080.0
,,,S4,F1,,Box,4028.0
,,,S3,F7,9543.0,Bag,0.0
,,,S3,F7,,Box,9543.0
,,,S3,F8,14706.0,Bag,6952.0
,,,S3,F8,,Box,7754.0
,,,S3,F9,27204.0,Bag,11895.0
,,,S3,F9,,Box,15309.0
,,,S3,F2,22732.0,Bag,12890.0
,,,S3,F2,,Box,9842.0
,,,S3,F12,11930.0,Bag,11930.0
,,,S3,F12,,Box,0.0
,,,S3,F11,24189.0,Bag,16626.0
,,,S3,F11,,Box,7563.0
,,,S3,F6,15287.0,Bag,9319.0
,,,S3,F6,,Box,5968.0
,,,S3,F4,18057.0,Bag,11424.0
,,,S3,F4,,Box,6633.0
,,,S3,F10,15897.0,Bag,3592.0
,,,S3,F10,,Box,12305.0
,,,S3,F5,5624.0,Bag,5624.0
,,,S3,F5,,Box,0.0
,,,S3,F3,14728.0,Bag,6740.0
,,,S3,F3,,Box,7988.0
,,,S3,F1,25802.0,Bag,16780.0
,,,S3,F1,,Box,9022.0
,,,S1,F7,17312.0,Bag,6860.0
,,,S1,F7,,Box,10452.0
,,,S1,F8,8438.0,Bag,8438.0
,,,S1,F8,,Box,0.0
,,,S1,F9,17589.0,Bag,7091.0
,,,S1,F9,,Box,10498.0
,,,S1,F2,15144.0,Bag,8122.0
,,,S1,F2,,Box,7022.0
,,,S1,F12,10157.0,Bag,10157.0
,,,S1,F12,,Box,0.0
,,,S1,F11,7261.0,Bag,7261.0
,,,S1,F11,,Box,0.0
,,,S1,F6,11004.0,Bag,11004.0
,,,S1,F6,,Box,0.0
,,,S1,F4,28959.0,Bag,17781.0
,,,S1,F4,,Box,11178.0
,,,S1,F10,18048.0,Bag,11474.0
,,,S1,F10,,Box,6574.0
,,,S1,F5,8584.0,Bag,8584.0
,,,S1,F5,,Box,0.0
,,,S1,F3,18334.0,Bag,10369.0
,,,S1,F3,,Box,7965.0
,,,S1,F1,19089.0,Bag,8082.0
,,,S1,F1,,Box,11007.0
,,,S2,F7,25106.0,Bag,11041.0
,,,S2,F7,,Box,14065.0
,,,S2,F8,13248.0,Bag,3878.0
,,,S2,F8,,Box,9370.0
,,,S2,F9,19712.0,Bag,7672.0
,,,S2,F9,,Box,12040.0
,,,S2,F2,12747.0,Bag,6946.0
,,,S2,F2,,Box,5801.0
,,,S2,F12,6396.0,Bag,6396.0
,,,S2,F12,,Box,0.0
,,,S2,F11,18512.0,Bag,11583.0
,,,S2,F11,,Box,6929.0
,,,S2,F6,11019.0,Bag,5770.0
,,,S2,F6,,Box,5249.0
,,,S2,F4,,Bag,4714.0
,,,S2,F4,,Box,0.0
,,,S2,F10,21393.0,Bag,9169.0
,,,S2,F10,,Box,12224.0
,,,S2,F5,10586.0,Bag,7605.0
,,,S2,F5,,Box,2981.0
,,,S2,F3,20438.0,Bag,8953.0
,,,S2,F3,,Box,11485.0
,,,S2,F1,8797.0,Bag,8797.0
,,,S2,F1,,Box,0.0
